index,Unnamed: 0,Vmem [mV],Threshold_Amplitude [mV],t_Threshold [ms],delta_t_threshold [ms],passive_repolarization [mV],AP_Amplitude [mV],t_AP_Amplitude [ms],delta_ap_threshold [mV],delta_t_ap_threshold [ms],AHP_Amplitude [mV],t_AHP [ms],t_threshold_ahp [ms],max_first_derivate [mV/ms],t_max_1st_derivative [ms],min_first_derivate [mV/ms],t_min_1st_derivative [ms],dt t_min-t_max [ms],AP_with [ms],experiment_name
0,16,-50.50224812,-21.09374794,63.35,38.35,29.40850018,63.37500364,65.05,84.46875158,1.7,-60.90624815,73.55,10.2,114.41,64.35,-41.32,65.625,1.275,1.8,140325_12
1,17,-50.08106398,-21.40625312,63.8,38.8,28.67481086,62.93749809,65.5,84.34375121,1.7,-60.53125114,74.3,10.5,113.55,64.825,-42.83,66.075,1.25,1.775,140325_12
2,18,-52.39347027,-20.06250185,64.75,39.75,32.33096842,62.09374964,66.45,82.15625149,1.7,-61.21875159,74.9,10.15,109.01,65.725,-45.13,66.975,1.25,1.7,140325_12
3,19,-51.7325624,-20.71875024,61.65,36.65,31.01381216,62.15624884,63.35,82.87499908,1.7,-60.93749962,71.775,10.125,110.13,62.65,-42.83,63.9,1.25,1.75,140325_12
4,20,-50.61643659,-22.28124877,59.4,34.4,28.33518782,63.34374845,61.175,85.62499722,1.775,-59.62499883,69.825,10.425,114.34,60.475,-42.37,61.675,1.2,1.8,140325_12
5,21,-51.41881179,-22.56250065,58.7,33.7,28.85631114,63.40625137,60.5,85.96875202,1.8,-59.21874941,68.425,9.725,113.03,59.775,-43.36,61,1.225,1.775,140325_12
6,9,-56.47969142,-30.25000356,70.15,45.15,26.22968786,69.62499768,71.775,99.87500124,1.625,-70.62500436,82.2,12.05,156.71,71.125,-32.17,77.025,5.9,3.275,140325_06
7,10,-58.67015604,-30.46874888,65.65,40.65,28.20140715,69.75000352,67.3,100.2187524,1.65,-70.46874985,77.225,11.575,157.43,66.6,-32.57,72.4,5.8,3.175,140325_06
8,11,-58.12024918,-31.03124909,63.85,38.85,27.08900009,69.96875256,65.55,101.0000017,1.7,-69.87499911,75.25,11.4,156.78,64.825,-32.11,70.775,5.95,3.2,140325_06
9,12,-57.41022121,-30.96875138,62.025,37.025,26.44146983,69.87500191,63.75,100.8437533,1.725,-69.87500282,73.725,11.7,157.7,63,-31.38,68.95,5.95,3.225,140325_06
10,13,-58.5114057,-31.53124959,61.425,36.425,26.98015611,69.87500191,63.15,101.4062515,1.725,-69.74999979,73.325,11.9,157.83,62.425,-31.91,68.375,5.95,3.25,140325_06
11,14,-56.78021614,-31.06249734,60.375,35.375,25.71771879,70.0000003,62.05,101.0624976,1.675,-69.53124703,72.2,11.825,157.57,61.375,-32.96,67.225,5.85,3.225,140325_06
12,3,-48.41146988,-21.18750167,83.5,58.5,27.22396821,70.65624744,86.025,91.84374911,2.525,-67.50000085,99.075,15.575,86.18,84.925,-21.32,93.75,8.825,4.475,140325_07
13,4,-47.01159484,-20.75000044,74.725,49.725,26.2615944,70.78125328,77.15,91.53125372,2.425,-67.40625202,90.275,15.55,86.38,76.125,-21.18,85.1,8.975,4.425,140325_07
14,5,-48.20024722,-20.49999621,70.5,45.5,27.70025101,70.78125328,72.95,91.28124949,2.45,-66.93749688,86.05,15.55,85.13,71.9,-21.78,80.625,8.725,4.475,140325_07
15,6,-50.79284103,-21.37499737,67.725,42.725,29.41784365,71.06249779,70.225,92.43749517,2.5,-66.71874785,82.9,15.175,86.58,69.175,-22.04,77.775,8.6,4.6,140325_07
16,7,-48.20678093,-21.15624957,61.325,36.325,27.05053136,70.84374875,63.925,91.99999832,2.6,-65.99999964,76.55,15.225,84.74,62.75,-20.99,71.475,8.725,4.45,140325_07
17,8,-46.58156195,-21.74999818,58.175,33.175,24.83156377,71.18750364,60.75,92.93750181,2.575,-65.03124906,73.45,15.275,86.18,59.7,-20.72,68.55,8.85,4.6,140325_07
18,7,-47.40590713,-21.00000211,76.5,51.5,26.40590502,65.21874666,78.2,86.21874878,1.7,-60.18749999,86.625,10.125,118.16,77.5,-48.22,78.65,1.15,1.575,140429_11
19,9,-48.42081386,-22.00000003,65.1,40.1,26.42081383,65.37500024,66.8,87.37500027,1.7,-60.18750181,75,9.9,119.41,66.15,-48.22,67.175,1.025,1.6,140429_11
20,10,-48.61709491,-22.4375017,62.725,37.725,26.17959321,65.15625119,64.45,87.59375289,1.725,-58.78125131,73.075,10.35,119.8,63.775,-46.78,64.85,1.075,1.625,140429_11
21,11,-49.069562,-22.46874878,60.8,35.8,26.60081322,64.96874988,62.525,87.43749866,1.725,-59.03124903,70.95,10.15,119.93,61.85,-49.47,62.9,1.05,1.55,140429_11
22,12,-48.48315714,-22.4375005,59.225,34.225,26.04565664,65.46875089,60.925,87.90625139,1.7,-57.84375127,69.25,10.025,121.25,60.25,-48.16,61.3,1.05,1.575,140429_11
23,13,-47.9612833,-22.81250127,57.725,32.725,25.14878204,66.12499803,59.45,88.9374993,1.725,-57.15625174,67.35,9.625,121.45,58.775,-47.04,59.9,1.125,1.625,140429_11
24,14,-49.3372511,-23.53125081,57.725,32.725,25.80600029,65.3437525,59.45,88.87500331,1.725,-57.65625089,67.075,9.35,121.05,58.775,-47.89,59.875,1.1,1.6,140429_11
25,15,-48.26262483,-23.28125067,57.175,32.175,24.98137415,65.25000185,58.875,88.53125252,1.7,-57.53124972,66.875,9.7,120.99,58.25,-49.93,59.35,1.1,1.575,140429_11
26,3,-47.31262829,-12.93750204,98,73,34.37512625,46.90625146,100.35,59.8437535,2.35,-67.65625439,108.25,10.25,45.59,99.475,-40.53,100.65,1.175,1.775,140324_08
27,4,-46.5797184,-12.71875025,86.35,61.35,33.86096814,46.90625146,88.675,59.62500171,2.325,-66.34375079,95.65,9.3,44.61,87.85,-39.28,89,1.15,1.8,140324_08
28,5,-46.52543646,-13.90625063,76.45,51.45,32.61918583,47.53125086,78.825,61.4375015,2.375,-66.12499804,85.85,9.4,46.71,77.95,-40.72,79.2,1.25,1.825,140324_08
29,6,-47.77084202,-14.59374922,73.925,48.925,33.1770928,47.84375057,76.3,62.43749978,2.375,-65.87499753,83.5,9.575,46.51,75.45,-39.87,76.675,1.225,1.825,140324_08
30,7,-48.23868739,-14.9062493,70.275,45.275,33.33243809,47.62500152,72.7,62.53125082,2.425,-65.50000048,79.65,9.375,46.05,71.825,-39.47,73.025,1.2,1.875,140324_08
31,8,-47.4929973,-14.71874863,67.85,42.85,32.77424867,47.62500152,70.3,62.34375015,2.45,-65.15624747,77.4,9.55,46.45,69.35,-40.72,70.6,1.25,1.85,140324_08
32,9,-47.68400044,-15.93750028,65.1,40.1,31.74650016,47.8749983,67.55,63.81249858,2.45,-64.90624884,74.3,9.2,46.45,66.7,-40.53,67.875,1.175,1.85,140324_08
33,4,-48.36965797,-21.03125053,82.05,57.05,27.33840745,71.9999969,83.8,93.03124743,1.75,-70.43750211,90.5,8.45,133.16,83.15,-49.54,84.25,1.1,1.625,140429_04
34,5,-47.63734452,-20.03124969,74.325,49.325,27.60609483,72.12500274,76,92.15625243,1.675,-70.28125225,82.325,8,132.89,75.35,-50.33,76.45,1.1,1.6,140429_04
35,6,-47.95762727,-19.96875116,74.15,49.15,27.98887611,71.78124785,75.9,91.74999901,1.75,-69.65625285,82.275,8.125,132.5,75.2,-49.67,76.325,1.125,1.6,140429_04
36,7,-47.65468901,-20.59375187,70.75,45.75,27.06093714,71.96874917,72.5,92.56250104,1.75,-70.15625201,79.1,8.35,132.5,71.85,-49.14,72.95,1.1,1.625,140429_04
37,8,-47.08890974,-20.03125288,64.975,39.975,27.05765686,72.06249982,66.675,92.0937527,1.7,-69.78125311,73.475,8.5,132.7,66.025,-49.08,67.125,1.1,1.625,140429_04
38,9,-47.6887203,-21.06250136,66.35,41.35,26.62621895,72.12500274,68.15,93.1875041,1.8,-69.68750245,74.625,8.275,132.63,67.475,-50.53,68.625,1.15,1.65,140429_04
39,20,-55.99315595,-21.50000145,58.875,33.875,34.49315449,54.12499979,60.5,75.62500125,1.625,-65.93749957,65.35,6.475,100.72,59.85,-63.82,60.775,0.925,1.175,140429_13
40,21,-55.76959537,-22.53125235,57.975,32.975,33.23834302,54.56250161,59.625,77.09375396,1.65,-65.75000193,64.725,6.75,102.37,59,-63.36,59.9,0.9,1.2,140429_13
41,3,-49.87050089,-25.56250058,86.025,61.025,24.30800031,71.56249881,88,97.12499939,1.975,-69.21875104,98.975,12.95,123.62,87.175,-24.54,93.85,6.675,3.45,140206_12
42,4,-47.1267791,-25.65624693,72.375,47.375,21.47053217,71.71875238,74.4,97.37499932,2.025,-69.09374892,85.525,13.15,122.5,73.55,-24.61,80.3,6.75,3.5,140206_12
43,5,-47.96593759,-25.37499939,73.775,48.775,22.5909382,71.9062537,75.8,97.28125309,2.025,-68.75000146,87.05,13.275,121.51,74.95,-24.34,81.75,6.8,3.5,140206_12
44,6,-51.90875097,-25.78125149,70.475,45.475,26.12749948,71.87499851,72.575,97.65625,2.1,-68.65625083,83.8,13.325,121.25,71.7,-23.82,78.575,6.875,3.6,140206_12
45,7,-48.71946929,-26.12500022,67.125,42.125,22.59446907,71.46874815,69.175,97.59374837,2.05,-68.28125007,80.275,13.15,122.11,68.35,-23.82,75.025,6.675,3.55,140206_12
46,8,-51.34612134,-26.1874957,64.35,39.35,25.15862564,72.2187534,66.425,98.4062491,2.075,-67.84374639,77.9,13.55,122.37,65.575,-23.68,72.525,6.95,3.65,140206_12
47,4,-47.61246666,-22.03124824,91.475,66.475,25.58121842,69.93749738,93.75,91.96874562,2.275,-66.84374811,107.95,16.475,99.54,92.825,-21.97,95.025,2.2,3.525,140324_01
48,5,-48.16880984,-22.18749628,73.875,48.875,25.98131356,69.96875256,76.125,92.15624884,2.25,-64.56249763,89.9,16.025,99.74,75.175,-22.57,77.575,2.4,3.575,140324_01
49,6,-47.61396783,-21.59375066,74.475,49.475,26.02021717,70.15624642,76.775,91.74999708,2.3,-64.5312481,91.4,16.925,100.26,75.75,-21.38,78.3,2.55,3.625,140324_01
50,7,-51.80874795,-21.87500076,70.75,45.75,29.93374719,69.93749738,72.9,91.81249813,2.15,-64.78124674,87.325,16.575,100.53,72,-20.92,74.35,2.35,3.725,140324_01
51,8,-46.36606111,-21.43749958,65.3,40.3,24.92856154,69.93749738,67.6,91.37499696,2.3,-62.96874772,81.35,16.05,98.95,66.55,-21.25,69.05,2.5,3.675,140324_01
52,9,-46.90512683,-21.43750036,62.675,37.675,25.46762647,70.12499869,64.95,91.56249905,2.275,-62.71875275,78.725,16.05,99.28,63.95,-20.99,66.45,2.5,3.725,140324_01
53,10,-49.73953364,-22.53125122,64.425,39.425,27.20828242,70.0000003,66.625,92.53125151,2.2,-62.65625263,80.025,15.6,99.14,65.75,-21.84,68.15,2.4,3.7,140324_01
54,4,-48.94431314,-22.12500013,100.9,75.9,26.81931301,65.3437525,102.5,87.46875264,1.6,-67.37500057,108.9,8,128.88,101.875,-74.14,102.7,0.825,1.15,140324_14
55,5,-50.5826908,-23.50000171,88.475,63.475,27.08268909,66.78125262,90.05,90.28125433,1.575,-66.00000333,95.95,7.475,136.64,89.425,-75.66,90.25,0.825,1.125,140324_14
56,6,-50.63906489,-24.18750152,79.575,54.575,26.45156337,66.90625101,81.125,91.09375253,1.55,-65.50000235,86.725,7.15,139.74,80.525,-74.54,81.325,0.8,1.125,140324_14
57,7,-51.66928228,-24.87500069,73.575,48.575,26.79428159,67.34374911,75.125,92.2187498,1.55,-65.34375065,80.275,6.7,142.76,74.525,-77.76,75.375,0.85,1.125,140324_14
58,8,-50.62896685,-24.24999705,69.825,44.825,26.3789698,67.21875072,71.325,91.46874776,1.5,-65.28124864,76.625,6.8,141.58,70.725,-76.05,71.575,0.85,1.15,140324_14
59,9,-50.00196625,-24.43749773,65.625,40.625,25.56446852,67.71875173,67.2,92.15624946,1.575,-65.09374734,72.675,7.05,142.3,66.55,-76.12,67.4,0.85,1.15,140324_14
60,10,-49.81462487,-23.96875105,64.425,39.425,25.84587382,67.7812472,65.975,91.74999824,1.55,-64.46874889,71.3,6.875,142.04,65.325,-75.92,66.175,0.85,1.125,140324_14
61,4,-53.64674834,-22.71874942,97.5,72.5,30.92799891,60.96874923,99.4,83.68749865,1.9,-68.90624765,106.975,9.475,98.88,98.65,-52.63,99.725,1.075,1.55,140612_09
62,5,-51.38909573,-22.43750105,78.8,53.8,28.95159468,62.06249818,80.65,84.49999924,1.85,-66.62500183,86.95,8.15,100.26,79.925,-54.14,80.95,1.025,1.55,140612_09
63,6,-49.72034221,-22.31250029,71.275,46.275,27.40784192,61.43749878,73.2,83.74999907,1.925,-66.2812479,79.375,8.1,95.79,72.425,-53.36,73.5,1.075,1.55,140612_09
64,7,-52.39699715,-22.78124603,68.425,43.425,29.61575112,62.28125095,70.3,85.06249698,1.875,-65.46874717,76.525,8.1,101.78,69.55,-55,70.55,1,1.525,140612_09
65,8,-53.16240562,-23.62499884,66.575,41.575,29.53740678,62.5,68.4,86.12499884,1.825,-65.21874945,74.45,7.875,105,67.675,-54.34,68.725,1.05,1.575,140612_09
66,9,-50.26050097,-22.93750209,65.225,40.225,27.32299888,62.09374964,67.075,85.03125173,1.85,-64.90625069,73.1,7.875,100.86,66.325,-53.29,67.425,1.1,1.575,140612_09
67,10,-46.48965461,-21.40624758,60.575,35.575,25.08340703,61.37499958,62.475,82.78124716,1.9,-63.812498,67.95,7.375,92.76,61.775,-52.3,62.775,1,1.575,140612_09
68,4,-45.91297049,-19.93750089,86.25,61.25,25.97546959,70.34374774,87.85,90.28124863,1.6,-69.59375179,94.475,8.225,136.78,87.25,-57.04,88.225,0.975,1.375,140324_02
69,5,-47.94540388,-19.99999835,76.225,51.225,27.94540553,70.24999708,77.8,90.24999543,1.575,-69.24999693,83.475,7.25,137.17,77.175,-57.89,78.125,0.95,1.375,140324_02
70,6,-48.91834518,-21.0624994,76.05,51.05,27.85584577,70.06250322,77.675,91.12500262,1.625,-69.31250354,83.725,7.675,137.96,77.05,-57.17,78,0.95,1.4,140324_02
71,7,-50.44681143,-21.37499734,74,49,29.07181409,70.18750161,75.65,91.56249895,1.65,-68.81249882,81.425,7.425,138.16,75.025,-57.3,75.95,0.925,1.4,140324_02
72,8,-48.4865956,-21.5312503,62.775,37.775,26.9553453,70.46875358,64.4,92.00000387,1.625,-68.34375298,70.45,7.675,138.55,63.8,-56.51,64.75,0.95,1.425,140324_02
73,9,-49.51725115,-22.21875017,65.425,40.425,27.29850098,70.3125,67.1,92.53125017,1.675,-68.34375113,72.775,7.35,138.03,66.45,-57.63,67.425,0.975,1.425,140324_02
74,10,-50.19140814,-21.9687509,64.075,39.075,28.22265724,70.18750161,65.725,92.15625251,1.65,-67.87500157,71.275,7.2,138.09,65.1,-57.37,66.05,0.95,1.425,140324_02
75,4,-46.7467812,-9.312500154,113.525,88.525,37.43428105,37.03124821,115.775,46.34374837,2.25,-65.40624983,122.25,8.725,33.82,114.825,-33.49,118.075,3.25,1.75,140612_08
76,5,-46.35999846,-10.71874887,88.05,63.05,35.6412496,38.93750161,90.375,49.65625048,2.325,-64.49999846,96.5,8.45,35.46,89.475,-35.86,90.7,1.225,1.75,140612_08
77,6,-47.86787749,-11.28125191,81.975,56.975,36.58662558,39.1249992,84.3,50.4062511,2.325,-64.03125264,90.175,8.2,36.51,83.4,-36.32,84.6,1.2,1.775,140612_08
78,7,-47.33525134,-11.40625311,77.55,52.55,35.92899823,38.96874934,79.925,50.37500246,2.375,-63.75000068,85.925,8.375,35.86,79.075,-36.05,80.25,1.175,1.8,140612_08
79,8,-46.53306384,-12.37500273,72.775,47.775,34.15806111,39.34374824,75.225,51.71875097,2.45,-63.68750149,81.025,8.25,36.45,74.3,-34.8,75.575,1.275,1.825,140612_08
80,9,-48.31159594,-14.09375246,71.925,46.925,34.21784348,39.99999911,74.425,54.09375157,2.5,-63.37500177,80.425,8.5,37.24,73.525,-36.45,74.8,1.275,1.825,140612_08
81,10,-46.6969051,-12.21874913,68.9,43.9,34.47815597,40.09374976,71.275,52.31249889,2.375,-63.2499978,77.25,8.35,37.76,70.375,-37.43,71.6,1.225,1.75,140612_08
82,6,-48.31524908,-17.78124899,97.25,72.25,30.53400009,70.09375095,99.45,87.87499995,2.2,-66.28124977,114.325,17.075,98.49,98.475,-19.21,100.775,2.3,4,140324_06
83,7,-50.16303005,-18.49999786,93.975,68.975,31.66303218,69.90624964,96.175,88.40624751,2.2,-67.68749843,112.05,18.075,97.3,95.275,-18.36,97.55,2.275,4,140324_06
84,8,-49.88743561,-18.65624907,84.15,59.15,31.23118655,70.15624642,86.35,88.81249549,2.2,-67.96874671,102.95,18.8,98.36,85.4,-18.68,87.45,2.05,3.95,140324_06
85,9,-49.80474936,-17.75000142,78.375,53.375,32.05474794,69.93749738,80.475,87.6874988,2.1,-64.99999869,95.475,17.1,97.57,79.55,-18.88,81.95,2.4,3.9,140324_06
86,10,-51.28387512,-18.78124971,71.775,46.775,32.50262542,70.12499869,73.95,88.90624839,2.175,-64.59375005,88.75,16.975,99.08,73.05,-19.08,75.175,2.125,3.95,140324_06
87,11,-50.9622472,-18.87499731,71.675,46.675,32.08724989,70.3125,73.825,89.18749731,2.15,-64.06249669,88.05,16.375,98.16,72.95,-19.08,82,9.05,3.95,140324_06
88,12,-50.8164399,-18.4687512,70.825,45.825,32.3476887,70.06250322,73,88.53125442,2.175,-64.00000298,88.075,17.25,98.03,72.05,-18.95,74.575,2.525,3.95,140324_06
89,6,-47.61028118,-13.46875035,86.675,61.675,34.14153082,49.84375089,88.95,63.31250125,2.275,-60.99999975,94.025,7.35,51.78,88.075,-54.61,89.35,1.275,1.55,140324_12
90,7,-47.04837378,-13.24999705,79.775,54.775,33.79837673,50.12499914,82,63.37499619,2.225,-60.53124834,87.225,7.45,52.43,81.175,-54.61,82.325,1.15,1.55,140324_12
91,8,-48.06312403,-16.53124934,73.5,48.5,31.5318747,50.62500015,75.85,67.15624949,2.35,-60.24999917,81.025,7.525,53.88,74.975,-56.18,76.175,1.2,1.6,140324_12
92,9,-51.20096964,-17.93749919,70.15,45.15,33.26347045,52.06250027,72.45,69.99999946,2.3,-60.37500126,77.725,7.575,59.28,71.625,-56.58,72.775,1.15,1.575,140324_12
93,10,-46.90246808,-15.43749813,70.75,45.75,31.46496995,50.68749934,73.075,66.12499748,2.325,-60.09374932,78.075,7.325,52.7,72.225,-54.93,73.4,1.175,1.575,140324_12
94,11,-49.16890613,-16.96874803,66.525,41.525,32.2001581,51.12500116,68.8,68.09374919,2.275,-59.24999992,73.6,7.075,55.66,67.975,-55.53,69.2,1.225,1.6,140324_12
95,7,-60.71556083,-31.49999919,86.1,61.1,29.21556164,68.4062466,87.575,99.9062458,1.475,-71.2499982,95.95,9.85,164.8,86.95,-39.74,88.3,1.35,2.075,140324_04
96,8,-59.15144013,-31.96875273,74.8,49.8,27.18268739,68.75000149,76.275,100.7187542,1.475,-71.28125335,84.425,9.625,168.36,75.625,-39.67,76.975,1.35,2.1,140324_04
97,9,-59.73784219,-32.81249834,69.55,44.55,26.92534384,68.90624762,71.075,101.718746,1.525,-70.7187485,79.05,9.5,170,70.4,-39.47,74.45,4.05,2.1,140324_04
98,10,-58.71821836,-32.78125061,66.2,41.2,25.93696776,68.99999827,67.7,101.7812489,1.5,-70.74999903,76.125,9.925,169.41,67.05,-38.62,68.525,1.475,2.125,140324_04
99,11,-59.58824725,-33.24999811,64.875,39.875,26.33824914,68.81249696,66.4,102.0624951,1.525,-70.59374639,74.025,9.15,170.86,65.725,-40.79,67.1,1.375,2.125,140324_04
100,12,-60.65722129,-33.5624996,63.45,38.45,27.09472169,68.9375028,64.925,102.5000024,1.475,-70.62500341,73.25,9.8,172.57,64.3,-40.46,65.6,1.3,2.1,140324_04
101,15,-52.07340508,-17.12499812,64.6,39.6,34.94840695,74.34374839,66.55,91.46874651,1.95,-67.46874938,75.925,11.325,124.34,65.7,-36.05,67.6,1.9,2.5,140206_16
102,16,-51.97334588,-16.78125171,64.15,39.15,35.19209418,74.43749905,66.025,91.21875075,1.875,-67.43750342,75.575,11.425,124.87,65.225,-36.38,67.2,1.975,2.5,140206_16
103,17,-52.14031478,-17.34375328,62.925,37.925,34.7965615,74.37500358,64.825,91.71875685,1.9,-67.0937523,74.325,11.4,124.87,64.05,-35.72,65.975,1.925,2.5,140206_16
104,18,-52.37759325,-17.78124765,60.75,35.75,34.5963456,74.50000197,62.65,92.28124962,1.9,-67.12500004,72.325,11.575,125.46,61.875,-35.39,63.8,1.925,2.525,140206_16
105,19,-52.02641059,-17.59375645,60.2,35.2,34.43265413,74.78124648,62.125,92.37500294,1.925,-66.84375377,71.3,11.1,125.99,61.3,-35.53,63.25,1.95,2.525,140206_16
106,20,-51.78121761,-18.06249962,59.925,34.925,33.71871799,74.59375262,61.8,92.65625224,1.875,-66.8124994,71.225,11.3,125.53,61.075,-36.18,62.975,1.9,2.525,140206_16
107,5,-53.09068639,-21.87499964,93.65,68.65,31.21568675,68.34375113,95.5,90.21875077,1.85,-66.81249851,109,15.35,120,94.7,-25.07,96.725,2.025,3.025,140206_02
108,6,-50.91403092,-22.03124825,82.85,57.85,28.88278267,68.65625083,84.775,90.68749909,1.925,-63.81249979,97.925,15.075,118.68,83.925,-26.45,85.975,2.05,3,140206_02
109,7,-49.57080963,-22.24999782,71.475,46.475,27.32081182,68.53125244,73.45,90.78125026,1.975,-62.03124675,85.55,14.075,117.63,72.6,-25.46,74.75,2.15,3.025,140206_02
110,8,-52.95915487,-21.62499965,71.975,46.975,31.33415521,68.68749857,73.85,90.31249822,1.875,-62.40624843,86.275,14.3,118.82,73.025,-24.21,74.85,1.825,3.05,140206_02
111,9,-51.37687646,-22.25000096,70.25,45.25,29.1268755,68.81249696,72.2,91.06249792,1.95,-61.40625105,84.2,13.95,118.62,71.35,-26.18,73.5,2.15,3,140206_02
112,10,-54.34346868,-22.90624946,69.875,44.875,31.43721922,68.56250018,71.8,91.46874964,1.925,-62.90625034,84.55,14.675,121.25,70.975,-26.58,73.1,2.125,2.975,140206_02
113,20,-45.21159296,-3.781249579,64.275,39.275,41.43034338,46.09375075,66.675,49.87500032,2.4,-63.28124925,72.3,8.025,34.61,65.65,-34.34,67.125,1.475,1.975,140206_17
114,21,-43.90578031,-4.249999412,61.475,36.475,39.6557809,47.5624986,63.9,51.81249801,2.425,-62.53124774,69.625,8.15,35.07,62.95,-37.43,64.375,1.425,1.925,140206_17
115,5,-50.13050292,-22.03125385,90.35,65.35,28.09924906,72.71874696,92.35,94.75000081,2,-72.0000025,103.6,13.25,122.76,91.5,-44.54,93.25,1.75,2.2,140206_14
116,6,-51.7881888,-22.00000044,84.4,59.4,29.78818836,72.56250083,86.3,94.56250128,1.9,-70.40625246,97.925,13.525,122.04,85.525,-45.46,87.225,1.7,2.2,140206_14
117,7,-51.49965605,-22.21874952,77.025,52.025,29.28090654,72.65625149,79,94.87500101,1.975,-69.71875015,89.775,12.75,121.97,78.175,-44.21,79.85,1.675,2.225,140206_14
118,8,-50.86962576,-22.59375093,71.65,46.65,28.27587483,72.68749923,73.675,95.28125016,2.025,-69.09375078,83.9,12.25,122.7,72.825,-43.95,74.55,1.725,2.25,140206_14
119,9,-51.11281272,-22.71874871,67.575,42.575,28.39406401,72.43750244,69.525,95.15625115,1.95,-68.96875052,79.9,12.325,122.57,68.75,-42.89,70.375,1.625,2.25,140206_14
120,10,-52.02856535,-22.81250185,63.3,38.3,29.2160635,72.43750244,65.3,95.2500043,2,-68.06250288,75.475,12.175,121.84,64.475,-42.57,66.175,1.7,2.275,140206_14
121,12,-52.61462505,-17.59375142,70.05,45.05,35.02087364,59.06249955,72,76.65625097,1.95,-60.09374981,81.475,11.425,83.42,71.2,-43.88,72.475,1.275,1.725,140206_04
122,14,-53.53725029,-18.46875069,63.825,38.825,35.06849961,58.84375051,65.775,77.3125012,1.95,-58.87500014,74.675,10.85,85.46,65.025,-45.92,66.275,1.25,1.7,140206_04
123,15,-52.99656166,-20.78125065,58.95,33.95,32.21531101,60.90625003,60.95,81.68750068,2,-57.96874926,69.575,10.625,89.61,60.225,-46.97,61.425,1.2,1.725,140206_04
124,16,-53.51256328,-20.31250237,58.625,33.625,33.20006091,60.03125012,60.6,80.34375248,1.975,-57.68750052,68.7,10.075,88.62,59.85,-46.51,61.025,1.175,1.7,140206_04
125,17,-54.21097011,-20.18749994,58.4,33.4,34.02347017,59.40625072,60.35,79.59375065,1.95,-57.50000131,68.525,10.125,87.76,59.6,-45.92,60.8,1.2,1.675,140206_04
126,18,-52.92375042,-21.84375129,57.025,32.025,31.07999913,61.46875024,59.1,83.31250153,2.075,-57.18750035,67.35,10.325,91.97,58.325,-46.91,59.575,1.25,1.725,140206_04
127,19,-54.11197106,-21.0937491,56.9,31.9,33.01822197,59.96875092,58.925,81.06250002,2.025,-56.90625257,66.825,9.925,87.7,58.15,-47.3,59.325,1.175,1.725,140206_04
128,20,-54.23527939,-21.781249,56.3,31.3,32.45403039,60.53125113,58.35,82.31250013,2.05,-56.78124809,66.2,9.9,90.13,57.575,-47.11,58.825,1.25,1.725,140206_04
129,9,-56.15040375,-24.15624756,75.475,50.475,31.99415619,70.18750161,77.175,94.34374917,1.7,-72.78124801,85.025,9.55,142.17,76.475,-56.64,77.725,1.25,1.625,140206_10
130,10,-55.41587498,-23.93750111,71.925,46.925,31.47837387,70.15624642,73.625,94.09374754,1.7,-71.93749778,80.525,8.6,141.45,72.925,-56.38,74.175,1.25,1.6,140206_10
131,11,-54.93090368,-24.18749783,69.5,44.5,30.74340585,70.3125,71.25,94.49999783,1.75,-72.31249662,79,9.5,142.3,70.525,-56.58,71.8,1.275,1.625,140206_10
132,12,-55.98162243,-24.21874679,66.1,41.1,31.76287565,70.3125,67.8,94.53124679,1.7,-71.37499752,74.4,8.3,142.43,67.125,-56.25,68.4,1.275,1.625,140206_10
133,13,-54.8555298,-24.34375014,64.625,39.625,30.51177966,70.12499869,66.325,94.46874883,1.7,-71.12499704,73.2,8.575,142.17,65.675,-55.39,66.875,1.2,1.625,140206_10
134,14,-55.45106531,-23.71875257,63.275,38.275,31.73231275,70.09375095,64.9,93.81250352,1.625,-71.40625267,72.625,9.35,141.64,64.25,-55.59,65.475,1.225,1.625,140206_10
135,17,-60.24677772,-19.74999532,65.275,40.275,40.4967824,68.4062466,67.025,88.15624192,1.75,-68.90624668,76.775,11.5,119.8,66.275,-37.11,67.825,1.55,2.2,140325_18
136,18,-59.20096904,-21.7187497,60.225,35.225,37.48221934,69.21874732,62.125,90.93749702,1.9,-68.62500022,71.25,11.025,122.7,61.35,-37.7,62.975,1.625,2.225,140325_18
137,19,-58.60931337,-21.62500098,60.6,35.6,36.98431239,69.34375316,62.45,90.96875414,1.85,-68.53125058,71.825,11.225,122.24,61.7,-38.09,63.275,1.575,2.225,140325_18
138,20,-58.90315706,-22.21875338,59.25,34.25,36.68440368,69.49999928,61.1,91.71875266,1.85,-68.31250075,71.075,11.825,122.57,60.375,-38.16,61.975,1.6,2.25,140325_18
139,21,-58.68062641,-22.15624901,58.95,33.95,36.5243774,69.6875006,60.8,91.84374961,1.85,-68.03125128,70.025,11.075,123.49,60.075,-37.43,61.625,1.55,2.25,140325_18
140,4,-48.10321606,-20.96874763,89.075,64.075,27.13446842,66.50000066,90.8,87.46874829,1.725,-64.09374809,102.475,13.4,115.92,90.15,-42.76,91.3,1.15,1.775,140206_05
141,5,-47.06753035,-21.03124937,75.25,50.25,26.03628098,66.90625101,76.975,87.93750038,1.725,-60.81249937,87.05,11.8,117.04,76.3,-43.62,77.525,1.225,1.775,140206_05
142,6,-46.74037432,-21.12499875,67.55,42.55,25.61537556,67.0312494,69.325,88.15624816,1.775,-59.71874948,79.15,11.6,117.43,68.6,-43.82,69.875,1.275,1.75,140206_05
143,7,-48.68168905,-20.71875197,67.025,42.025,27.96293707,66.74999744,68.775,87.46874941,1.75,-58.96875078,78.125,11.1,116.32,68.05,-45.39,69.25,1.2,1.75,140206_05
144,8,-48.45112648,-21.00000214,63.325,38.325,27.45112434,66.62499905,65.075,87.62500119,1.75,-58.37500096,74.475,11.15,116.64,64.4,-43.95,65.6,1.2,1.725,140206_05
145,9,-46.12171772,-21.37499981,60.575,35.575,24.7467179,67.31250137,62.375,88.68750118,1.8,-56.74999859,71.35,10.775,117.76,61.65,-43.95,62.825,1.175,1.775,140206_05
146,3,-46.67700035,-26.7812492,85.675,60.675,19.89575115,68.78124923,87.375,95.56249842,1.7,-71.15625031,97.475,11.8,147.3,86.65,-36.05,92.025,5.375,3.625,140206_06
147,4,-45.97709508,-26.28125124,82.175,57.175,19.69584384,68.81249696,83.9,95.0937482,1.725,-70.50000132,92.925,10.75,147.57,83.125,-35.46,88.5,5.375,3.55,140206_06
148,5,-47.04565804,-26.3750013,69.975,44.975,20.67065674,68.81249696,71.675,95.18749826,1.7,-70.25000267,80.775,10.8,146.51,70.95,-35.66,76.375,5.425,3.6,140206_06
149,6,-49.8457511,-26.06249981,77.225,52.225,23.78325129,68.43750179,78.975,94.5000016,1.75,-70.2187512,88.675,11.45,144.08,78.15,-35,83.575,5.425,3.6,140206_06
150,7,-46.07297184,-26.03125386,61.3,36.3,20.04171798,68.59374791,63.025,94.62500177,1.725,-69.46875341,72.275,10.975,144.93,62.275,-34.74,67.9,5.625,3.675,140206_06
151,3,-41.89978409,-21.7187535,68.45,43.45,20.18103059,73.43749702,70.55,95.15625052,2.1,-68.50000285,82.375,13.925,126.84,69.575,-31.45,71.875,2.3,3.075,140206_08
152,4,-42.5101589,-21.87500335,68.825,43.825,20.63515555,73.34374636,71,95.21874972,2.175,-68.3125034,82.575,13.75,126.91,69.975,-31.51,72.175,2.2,3.125,140206_08
153,5,-45.0553762,-21.59374955,65.8,40.8,23.46162666,73.49999994,67.925,95.09374949,2.125,-67.62500291,79.475,13.675,126.51,66.95,-31.12,69.175,2.225,3.125,140206_08
154,6,-42.39471543,-21.7812465,61.3,36.3,20.61346893,73.46875221,63.4,95.2499987,2.1,-67.53124668,74.975,13.675,127.04,62.45,-31.51,64.775,2.325,3.175,140206_08
155,7,-39.5003141,-20.96875137,59.975,34.975,18.53156273,73.31249863,62.025,94.28125,2.05,-66.96875207,73.825,13.85,126.71,61.05,-30.79,63.475,2.425,3.15,140206_08
156,8,-43.31887488,-21.56249987,59.325,34.325,21.75637501,73.31249863,61.4,94.8749985,2.075,-66.03124928,72.3,12.975,126.25,60.475,-31.05,63.025,2.55,3.2,140206_08
157,4,-51.22624897,-18.31250186,95.825,70.825,32.91374711,61.18749827,98.075,79.50000014,2.25,-68.15624807,107.675,11.85,71.38,97.175,-45.2,98.525,1.35,1.925,140206_20
158,5,-52.61046657,-20.3124981,87.325,62.325,32.29796848,62.21875176,89.5,82.53124985,2.175,-66.84374721,98.4,11.075,79.61,88.625,-47.76,89.875,1.25,1.9,140206_20
159,6,-51.75125138,-19.62500322,79.3,54.3,32.12624816,62.5,81.425,82.12500322,2.125,-66.03125115,89.875,10.575,80.07,80.5,-47.37,81.775,1.275,1.9,140206_20
160,7,-52.0397186,-20.68750001,74.475,49.475,31.35221858,62.21875176,76.7,82.90625177,2.225,-65.65624941,84.95,10.475,80.39,75.75,-48.36,77.075,1.325,1.925,140206_20
161,8,-52.44022176,-21.00000271,71.275,46.275,31.44021905,62.68750131,73.375,83.68750402,2.1,-65.1875035,81.525,10.25,83.88,72.525,-47.7,73.775,1.25,1.875,140206_20
162,9,-51.32500266,-21.00000278,68.275,43.275,30.32499988,62.87500262,70.475,83.87500541,2.2,-64.62500241,78.45,10.175,80.92,69.525,-47.57,70.875,1.35,1.9,140206_20
163,10,-52.35843589,-21.90624861,67.7,42.7,30.45218728,63.5624975,69.85,85.46874611,2.15,-64.46874795,78.375,10.675,86.12,69,-49.41,70.275,1.275,1.875,140206_20
164,2,-44.13318314,-20.96874639,118.575,93.575,23.16443675,69.34375316,120.55,90.31249955,1.975,-64.09374624,137.025,18.45,114.74,119.725,-22.04,121.5,1.775,3.35,140325_14
165,3,-46.26553116,-21.43749914,81.525,56.525,24.82803202,69.75000352,83.425,91.18750265,1.9,-63.34375024,98.525,17,115.39,82.65,-22.7,84.575,1.925,3.35,140325_14
166,4,-44.58337579,-21.87500021,71.25,46.25,22.70837558,69.90624964,73.25,91.78124985,2,-63.28125112,88.45,17.2,114.93,72.4,-21.18,74.45,2.05,3.425,140325_14
167,5,-44.73871819,-21.31249884,70.95,45.95,23.42621935,69.90624964,72.9,91.21874848,1.95,-61.81249953,87.725,16.775,115.86,72.075,-21.64,74,1.925,3.375,140325_14
168,6,-48.3101853,-22.03124591,65.75,40.75,26.27893939,69.75000352,67.675,91.78124943,1.925,-61.96874844,82.025,16.275,116.25,66.9,-22.5,68.7,1.8,3.45,140325_14
169,7,-46.75490605,-22.49999913,64.525,39.525,24.25490692,69.78125125,66.525,92.28125038,2,-61.28124985,80.225,15.7,116.25,65.7,-22.37,67.675,1.975,3.4,140325_14
170,8,-47.29012473,-22.18750044,63.925,38.925,25.10262429,70.0000003,65.9,92.18750074,1.975,-60.59374941,79.15,15.225,116.64,65.075,-23.22,66.825,1.75,3.325,140325_14
171,4,-53.21396986,-26.78125204,101.675,76.675,26.43271782,73.40624928,103.5,100.1875013,1.825,-68.937501,114.775,13.1,147.11,102.675,-36.97,104.3,1.625,2.425,140325_15
172,5,-51.81722069,-27.43750306,75.025,50.025,24.37971763,73.53124768,76.85,100.9687507,1.825,-67.65625255,88.1,13.075,147.96,76.1,-35.92,77.775,1.675,2.475,140325_15
173,6,-52.2789385,-27.06250219,71.275,46.275,25.21643631,73.40624928,73.1,100.4687515,1.825,-67.78125002,84.35,13.075,147.7,72.3,-37.43,73.9,1.6,2.45,140325_15
174,7,-52.25681544,-27.7187529,64.475,39.475,24.53806254,73.49999994,66.35,101.2187528,1.875,-66.59375312,76.375,11.9,147.17,65.575,-35.59,67.25,1.675,2.5,140325_15
175,8,-52.92415619,-27.18750165,65.775,40.775,25.73665454,73.34374636,67.525,100.531248,1.75,-66.87499871,77.9,12.125,147.37,66.825,-35.72,68.475,1.65,2.475,140325_15
176,9,-50.10247065,-27.40625187,63.1,38.1,22.69621878,73.62499833,64.9,101.0312502,1.8,-66.09375213,75,11.9,146.84,64.175,-36.38,65.8,1.625,2.5,140325_15
177,10,-53.37718712,-27.624998,61.7,36.7,25.75218913,73.56250286,63.525,101.1875009,1.825,-66.09375022,74.2,12.5,147.76,62.775,-35.92,64.4,1.625,2.5,140325_15
178,9,-56.96177958,-28.65624712,65.6,40.6,28.30553246,73.96875322,67.4,102.6250003,1.8,-69.37499889,78,12.4,163.03,66.55,-33.62,68.525,1.975,2.75,140206_21
179,10,-57.21715821,-27.9375012,65.4,40.4,29.27965701,73.9062503,67.075,101.8437515,1.675,-69.1562527,77.7,12.3,163.62,66.3,-33.62,68.25,1.95,2.7,140206_21
180,11,-56.43377816,-27.96874577,63.75,38.75,28.46503239,73.96875322,65.45,101.937499,1.7,-68.96874676,75.65,11.9,163.36,64.65,-33.62,66.675,2.025,2.725,140206_21
181,12,-57.2675586,-29.46874686,60.7,35.7,27.79881174,74.15624708,62.45,103.6249939,1.75,-68.68749578,72.575,11.875,163.49,61.7,-33.62,63.7,2,2.75,140206_21
182,13,-57.78593983,-28.53125378,59.775,34.775,29.25468605,74.12499934,61.45,102.6562531,1.675,-68.62500226,71.775,12,163.62,60.7,-34.74,62.675,1.975,2.725,140206_21
183,14,-57.53872021,-29.31250193,58.7,33.7,28.22621828,74.12499934,60.525,103.4375013,1.825,-68.31250156,70.725,12.025,163.03,59.7,-32.96,61.75,2.05,2.8,140206_21
184,5,-61.81668801,-30.84375199,86.9,61.9,30.97293602,67.00000167,88.575,97.84375366,1.675,-71.53125021,97.75,10.85,141.91,87.85,-32.76,92.975,5.125,2.75,140206_09
185,6,-65.53306133,-31.96875091,85.275,60.275,33.56431042,67.4687475,86.975,99.43749841,1.7,-70.62499846,95.6,10.325,148.29,86.25,-32.11,91.125,4.875,2.675,140206_09
186,7,-65.39412855,-32.2187547,75.875,50.875,33.17537385,67.4687475,77.575,99.6875022,1.7,-70.8125034,86.175,10.3,151.25,76.775,-33.03,81.725,4.95,2.625,140206_09
187,8,-65.3602536,-33.00000422,70.625,45.625,32.36024939,67.71875173,72.275,100.7187559,1.65,-70.40625344,81.325,10.7,152.89,71.55,-33.09,76.525,4.975,2.65,140206_09
188,9,-65.96478329,-32.65625033,68.8,43.8,33.30853296,67.65624881,70.5,100.3124991,1.7,-69.71875202,78.775,9.975,155.13,69.725,-33.03,74.725,5,2.675,140206_09
189,10,-66.67084349,-33.49999844,66.65,41.65,33.17084505,67.59375334,68.3,101.0937518,1.65,-69.49999986,77.025,10.375,156.51,67.55,-32.11,72.525,4.975,2.625,140206_09
190,4,-43.36024921,-17.28125052,99.55,74.55,26.07899869,59.62499976,101.625,76.90625028,2.075,-60.40624904,114.125,14.575,79.8,100.75,-34.74,102.175,1.425,2.1,140325_10
191,5,-43.65278172,-17.56250113,71.275,46.275,26.09028059,60.65624952,73.325,78.21875065,2.05,-56.15624972,85.425,14.15,81.71,72.475,-35.66,73.8,1.325,2.125,140325_10
192,6,-43.87965486,-17.65624869,71.875,46.875,26.22340617,60.18749997,73.9,77.84374866,2.025,-56.65624887,85.225,13.35,80.72,73.1,-34.61,74.425,1.325,2.1,140325_10
193,7,-45.77599877,-16.96874884,69.625,44.625,28.80724992,59.90625173,71.65,76.87500057,2.025,-55.46874832,83.35,13.725,79.08,70.8,-34.08,72.25,1.45,2.1,140325_10
194,8,-45.05462614,-17.56250113,61.975,36.975,27.49212501,60.68750098,64.05,78.25000212,2.075,-54.50000148,75.35,13.375,81.05,63.2,-35.33,64.575,1.375,2.1,140325_10
195,9,-44.85243784,-18.34375098,60.825,35.825,26.50868686,60.09374931,62.925,78.43750029,2.1,-54.31250017,73.825,13,80.86,62.075,-33.68,63.575,1.5,2.15,140325_10
196,10,-45.8825311,-17.8437511,59.225,34.225,28.03878,60.46874821,61.3,78.31249931,2.075,-52.7812494,72.2,12.975,82.11,60.425,-35.92,61.8,1.375,2.05,140325_10
197,11,-44.01703296,-19.00000246,57.875,32.875,25.0170305,61.40625104,59.975,80.4062535,2.1,-52.59375181,71.75,13.875,83.42,59.15,-33.68,60.575,1.425,2.225,140325_10
198,12,-43.71947026,-18.125002,57.025,32.025,25.59446826,61.06249988,59.1,79.18750188,2.075,-51.28125148,70.075,13.05,81.58,58.225,-35.59,59.6,1.375,2.125,140325_10
199,13,-43.61634215,-18.90624895,57.075,32.075,24.7100932,60.96874923,59.2,79.87499817,2.125,-50.06249812,70.1,13.025,81.64,58.3,-35.26,59.75,1.45,2.15,140325_10
200,14,-43.61690557,-18.93750019,55.95,30.95,24.67940538,60.84375083,58.1,79.78125103,2.15,-60.68749912,113.6,57.65,81.12,57.275,-34.8,100,42.725,2.225,140325_10
201,15,-45.01574878,-18.4999997,55.95,30.95,26.51574908,60.21875143,58.1,78.71875113,2.15,-51.03124851,68.575,12.625,78.88,57.225,-34.74,58.65,1.425,2.175,140325_10
202,16,-44.04084438,-18.68750035,55.9,30.9,25.35334403,60.40624902,58,79.09374936,2.1,-50.68750045,68.325,12.425,80.39,57.2,-34.74,58.575,1.375,2.2,140325_10
203,17,-43.88919076,-19.06250286,55.375,30.375,24.8266879,60.46874821,57.55,79.53125107,2.175,-49.68750345,67.925,12.55,80.07,56.7,-33.75,58.2,1.5,2.2,140325_10
204,18,-44.7157511,-18.5625013,55.1,30.1,26.1532498,60.37500128,57.275,78.93750258,2.175,-48.12500114,67.825,12.725,79.54,56.375,-34.93,57.725,1.35,2.225,140325_10
205,2,-46.35225059,-23.68749991,101.55,76.55,22.66475069,71.65624946,103.3,95.34374937,1.75,-67.96875036,117.55,16,135.07,102.575,-25.53,104.55,1.975,2.95,140325_04
206,3,-47.62118775,-24.6562493,92.475,67.475,22.96493844,71.62500173,94.3,96.28125103,1.825,-68.56250015,108.075,15.6,136.45,93.525,-25.39,95.3,1.775,2.975,140325_04
207,4,-49.10978212,-24.84375052,82.8,57.8,24.2660316,71.62500173,84.55,96.46875225,1.75,-66.78125076,97.35,14.55,137.17,83.825,-26.91,85.725,1.9,2.925,140325_04
208,5,-48.52746621,-24.62499832,76.875,51.875,23.90246789,71.84375077,78.65,96.46874909,1.775,-66.37499669,91.7,14.825,136.71,77.9,-26.58,79.725,1.825,2.95,140325_04
209,6,-46.16631234,-24.53125026,67.9,42.9,21.63506208,71.9062537,69.725,96.43750396,1.825,-65.34375064,82.275,14.375,135.86,68.95,-25.46,70.675,1.725,3,140325_04
210,7,-48.07756053,-24.90624896,68.475,43.475,23.17131157,71.87499851,70.3,96.78124747,1.825,-65.06249683,82.45,13.975,136.91,69.525,-26.12,71.475,1.95,2.975,140325_04
211,8,-49.81624838,-25.37499958,66.85,41.85,24.4412488,71.87499851,68.65,97.24999809,1.8,-64.90624792,80.85,14,137.76,67.9,-27.11,69.875,1.975,3.025,140325_04
212,4,-51.47193842,-23.62500074,85.3,60.3,27.84693768,66.74999744,87.45,90.37499817,2.15,-62.34375106,103.225,17.925,96.84,86.55,-32.96,88.15,1.6,2.45,140612_05
213,5,-51.19721892,-23.75000148,78.775,53.775,27.44721745,66.84374809,80.9,90.59374957,2.125,-58.43750024,94.05,15.275,96.91,80.025,-32.76,81.7,1.675,2.475,140612_05
214,6,-52.17106373,-24.15625072,72.325,47.325,28.01481301,65.87500125,74.525,90.03125197,2.2,-57.0000014,86.75,14.425,96.05,73.625,-33.03,75.3,1.675,2.45,140612_05
215,7,-51.55906161,-23.56249785,67.925,42.925,27.99656376,66.15625322,70.05,89.71875107,2.125,-56.34374911,82.575,14.65,96.45,69.175,-31.18,70.9,1.725,2.5,140612_05
216,8,-51.82753257,-23.84375122,63.45,38.45,27.98378135,66.50000066,65.525,90.34375188,2.075,-57.34375122,78.425,14.975,97.57,64.7,-31.84,66.375,1.675,2.425,140612_05
217,9,-51.35721943,-24.12499994,61.625,36.625,27.23221948,66.84374809,63.825,90.96874804,2.2,-56.06250088,76.925,15.3,98.09,62.9,-32.96,64.425,1.525,2.475,140612_05
218,3,-51.66353208,-22.90624942,93.225,68.225,28.75728266,67.93750077,95.85,90.84375019,2.625,-66.09375118,111.425,18.2,81.45,94.675,-17.63,103.6,8.925,5.475,140429_03
219,4,-51.81399685,-22.93749711,88.65,63.65,28.87649974,67.93750077,91.25,90.87499789,2.6,-66.0937466,106.55,17.9,81.58,90.05,-17.83,99.575,9.525,5.7,140429_03
220,5,-50.24143969,-22.81250062,80.55,55.55,27.42893907,68.25000048,83.1,91.0625011,2.55,-64.31250261,98.4,17.85,84.54,81.925,-16.91,91.1,9.175,5.65,140429_03
221,6,-45.41956268,-21.96874968,64.6,39.6,23.450813,68.0000037,67.125,89.96875338,2.525,-63.81249985,81.225,16.625,84.28,65.95,-17.17,75.275,9.325,5.55,140429_03
222,7,-34.68334303,-21.24999929,23.625,-1.375,13.43334374,66.93749875,26.225,88.18749804,2.6,-64.96874988,41.85,18.225,75.99,24.975,-17.24,34.175,9.2,5.575,140429_03
223,8,-50.62715841,-21.50000196,63.275,38.275,29.12715645,66.53124839,66.05,88.03125035,2.775,-62.12500204,81.125,17.85,70.53,64.775,-15.92,73.875,9.1,5.575,140429_03
224,4,-53.36627847,-14.24999797,99.175,74.175,39.1162805,70.34374774,101.05,84.59374571,1.875,-71.40624711,112.575,13.4,107.43,100.3,-45.2,101.65,1.35,1.825,140429_16
225,5,-53.75353145,-14.68750236,73.475,48.475,39.06602908,70.34374774,75.35,85.0312501,1.875,-66.90625016,85.975,12.5,106.18,74.625,-45.66,76.05,1.425,1.825,140429_16
226,6,-53.54075242,-14.90624961,70.425,45.425,38.6345028,70.18750161,72.3,85.09375122,1.875,-66.43750319,81.275,10.85,106.51,71.575,-45.92,72.925,1.35,1.825,140429_16
227,7,-52.27843958,-14.93749997,64.3,39.3,37.34093961,70.34374774,66.175,85.2812477,1.875,-64.84375233,74.45,10.15,106.84,65.45,-45.92,66.9,1.45,1.825,140429_16
228,8,-52.75665409,-15.7187455,62.85,37.85,37.03790859,69.96875256,64.825,85.68749807,1.975,-64.09374798,72.875,10.025,107.04,64.1,-44.14,65.475,1.375,1.85,140429_16
229,9,-53.60893799,-14.87499818,60.925,35.925,38.73393981,70.78125328,62.8,85.65625146,1.875,-63.75000046,71.3,10.375,106.64,62.075,-45.33,63.475,1.4,1.825,140429_16
230,10,-51.81919105,-15.12500385,59.675,34.675,36.6941872,70.34374774,61.6,85.46875159,1.925,-62.81250334,69.975,10.3,105.72,60.85,-44.54,62.2,1.35,1.85,140429_16
231,2,-45.26859251,-21.62499726,129.25,104.25,23.64359525,74.18750226,131.05,95.81249952,1.8,-67.7499994,140.8,11.55,137.63,130.325,-48.03,131.8,1.475,1.875,140429_01
232,3,-43.89659318,-21.24999961,77.15,52.15,22.64659357,74.18750226,78.95,95.43750188,1.8,-66.18749907,87.075,9.925,138.55,78.2,-48.03,79.65,1.45,1.875,140429_01
233,4,-45.06206261,-22.34375036,75.975,50.975,22.71831225,74.21875,77.775,96.56250036,1.8,-65.62499892,85.875,9.9,137.96,77.1,-48.95,78.575,1.475,1.875,140429_01
234,5,-44.21815691,-21.21875063,66.825,41.825,22.99940629,74.18750226,68.6,95.40625289,1.775,-65.46875089,77.75,10.925,137.83,67.85,-47.76,69.3,1.45,1.9,140429_01
235,6,-41.39846828,-21.3125006,62.25,37.25,20.08596769,74.21875,64.025,95.5312506,1.775,-63.9062487,71.65,9.4,137.89,63.3,-49.01,64.8,1.5,1.875,140429_01
236,7,-44.92668595,-21.68749947,63,38,23.23918648,74.15624708,64.825,95.84374655,1.825,-63.68749777,73.05,10.05,136.91,64.1,-47.04,65.5,1.4,1.925,140429_01
237,8,-44.47506549,-22.06250392,63.15,38.15,22.41256158,74.15624708,65,96.218751,1.85,-62.93750183,74.175,11.025,135.66,64.275,-46.97,65.775,1.5,1.925,140429_01
238,5,-47.49984169,-17.84374811,74.25,49.25,29.65609358,56.43749982,76.6,74.28124793,2.35,-58.2499979,88.625,14.375,65.66,75.575,-30.33,77.15,1.575,2.425,140429_15
239,6,-48.51984347,-17.78124958,67.8,42.8,30.7385939,56.40624836,70.025,74.18749794,2.225,-57.81249982,81.275,13.475,65.92,69.075,-29.87,70.675,1.6,2.4,140429_15
240,7,-48.23684487,-18.87500098,63.95,38.95,29.36184388,57.09375069,66.25,75.96875167,2.3,-57.15625173,77.575,13.625,67.11,65.325,-31.45,66.8,1.475,2.4,140429_15
241,8,-49.68553195,-18.4062527,64.575,39.575,31.27927925,55.71874976,66.85,74.12500247,2.275,-57.62500084,77.975,13.4,66.32,65.85,-30,67.4,1.55,2.35,140429_15
242,9,-48.5220001,-18.21874952,60.6,35.6,30.30325058,56.12500012,62.875,74.34374964,2.275,-56.21874985,74.5,13.9,66.12,61.9,-30.72,63.5,1.6,2.375,140429_15
243,10,-49.18965483,-17.68750083,60.05,35.05,31.502154,55.93749881,62.275,73.62499963,2.225,-54.93749826,72.725,12.675,65.86,61.375,-30.53,62.85,1.475,2.375,140429_15
244,4,-42.04393569,-19.43749801,73.25,48.25,22.60643769,62.37500161,75.625,81.81249962,2.375,-64.78124855,88.175,14.925,75.99,74.525,-19.54,81.625,7.1,3.725,140612_13
245,5,-43.73137317,-19.74999849,72.525,47.525,23.98137468,62.5,74.85,82.24999849,2.325,-63.53124792,86.625,14.1,77.24,73.825,-20.07,75.775,1.95,3.575,140612_13
246,6,-43.4887505,-19.75000035,67.75,42.75,23.73875015,62.53124774,70.05,82.28124809,2.3,-63.87499907,81.9,14.15,78.36,69.025,-21.05,70.8,1.775,3.45,140612_13
247,7,-45.0515282,-19.74999783,63.175,38.175,25.30153037,63.09375167,65.425,82.8437495,2.25,-63.37499619,77.175,14,79.14,64.425,-21.51,66.3,1.875,3.5,140612_13
248,8,-30.62099677,-18.90624618,23.35,-1.65,11.71475058,61.09375134,25.65,79.99999753,2.3,-65.03124721,102.875,79.525,74.34,24.6,-20.07,90.7,66.1,3.625,140612_13
249,9,-42.32587605,-18.5000001,62.525,37.525,23.82587595,61.56250089,64.85,80.06250099,2.325,-62.71875275,76.575,14.05,72.63,63.75,-18.82,70.95,7.2,3.675,140612_13
250,4,-40.09993713,-9.843750916,99.775,74.775,30.25618622,31.8749994,102.25,41.71875032,2.475,-56.21874893,116.875,17.1,25,101.025,-15,103.175,2.15,3.025,140325_02
251,5,-41.87537451,-10.74999764,76.175,51.175,31.12537686,35.00000015,78.775,45.74999779,2.6,-50.59374951,92.35,16.175,27.04,77.45,-16.58,79.7,2.25,3.05,140325_02
252,6,-40.27009382,-11.21874862,68.425,43.425,29.05134519,35.31249985,71.05,46.53124847,2.625,-49.87500044,84.825,16.4,27.89,69.675,-17.04,71.9,2.225,3.075,140325_02
253,7,-40.02456117,-12.12499901,65.675,40.675,27.89956217,35.81250086,68.3,47.93749987,2.625,-48.15624884,81.225,15.55,29.21,67,-16.12,69.05,2.05,3.075,140325_02
254,8,-40.44575001,-11.34375006,63.725,38.725,29.10199995,36.87499836,66.4,48.21874842,2.675,-47.99999951,78.375,14.65,29.34,65.075,-16.71,67.275,2.2,3.1,140325_02
255,9,-41.740657,-12.21875101,62.075,37.075,29.52190598,36.90624982,64.675,49.12500083,2.6,-46.15625087,77.35,15.275,30.13,63.4,-16.97,65.9,2.5,3.15,140325_02
256,10,-41.27553167,-12.06249983,61.575,36.575,29.21303184,37.31250018,64.225,49.37500001,2.65,-46.1250003,77.125,15.55,29.61,62.9,-16.45,65.2,2.3,3.175,140325_02
257,11,-39.56853135,-13.03125041,59.3,34.3,26.53728094,37.65625134,62.025,50.68750175,2.725,-43.81250025,74.4,15.1,29.87,60.8,-17.3,62.95,2.15,3.2,140325_02
258,12,-44.09300009,-11.71875166,60.875,35.875,32.37424843,36.74999997,63.625,48.46875163,2.75,-43.46875013,75.425,14.55,29.08,62.15,-16.18,64.325,2.175,3.2,140325_02
259,13,-63.29460979,-37.46875281,82.625,57.625,25.82585697,61.25000119,83.875,98.71875401,1.25,-62.68750265,92.225,9.6,179.47,83.25,-69.47,84.175,0.925,1.3,201228_13
260,14,-63.44872881,-37.65624904,77.55,52.55,25.79247977,61.09375134,78.775,98.75000038,1.225,-62.43749886,87.625,10.075,179.41,78.175,-68.75,79.075,0.9,1.3,201228_13
261,15,-61.87092997,-37.84374745,71.725,46.725,24.02718252,61.53124943,73,99.37499689,1.275,-62.62499649,82.225,10.5,179.28,72.375,-71.25,73.3,0.925,1.275,201228_13
262,16,-62.91250921,-37.71875102,71.975,46.975,25.19375819,61.37499958,73.225,99.0937506,1.25,-61.96875288,81.425,9.45,180.2,72.575,-71.05,73.5,0.925,1.3,201228_13
263,17,-62.84531479,-37.6250014,69.875,44.875,25.22031339,61.68749928,71.125,99.31250068,1.25,-61.81250074,78.95,9.075,180.26,70.475,-71.71,71.375,0.9,1.275,201228_13
264,18,-63.29823841,-38.12500239,68.875,43.875,25.17323601,61.43749878,70.125,99.56250117,1.25,-61.71875257,78.025,9.15,179.54,69.5,-71.18,70.425,0.925,1.3,201228_13
265,1,-65.08282953,-34.34374694,71.225,46.225,30.73908259,60.21875143,72.275,94.56249837,1.05,-58.46874682,77.95,6.725,182.5,71.75,-83.16,72.525,0.775,1,201221_09
266,2,-64.77233445,-34.81249762,68.1,43.1,29.95983683,60.93750149,69.15,95.74999911,1.05,-58.28124921,74.9,6.8,184.28,68.6,-84.01,69.45,0.85,1,201221_09
267,3,-64.07501417,-35.43750036,65.525,40.525,28.63751381,61.78124994,66.625,97.2187503,1.1,-58.12500167,71.925,6.4,186.71,66.1,-86.64,66.925,0.825,1,201221_09
268,4,-64.32814038,-35.87500087,64.25,39.25,28.45313952,62.1875003,65.35,98.06250116,1.1,-57.59375005,70.175,5.925,187.83,64.775,-85.79,65.6,0.825,1.025,201221_09
269,16,-60.42433019,-34.21874881,72.5,47.5,26.20558139,54.18749899,73.775,88.4062478,1.275,-59.56249958,79.475,6.975,155.33,73.175,-76.84,74.025,0.85,1.05,201221_21
270,17,-60.89880625,-34.40625027,67.125,42.125,26.49255598,54.93750051,68.375,89.34375078,1.25,-59.65625119,73.5,6.375,159.28,67.775,-79.54,68.575,0.8,1.05,201221_21
271,18,-59.93430873,-34.21874869,64,39,25.71556004,55.28125167,65.3,89.50000035,1.3,-58.96874944,70.775,6.775,158.49,64.7,-79.74,65.5,0.8,1.05,201221_21
272,19,-61.21587355,-34.12500148,64.575,39.575,27.09087207,55.6874983,65.825,89.81249978,1.25,-58.75000139,70.85,6.275,160.07,65.25,-81.64,66.075,0.825,1.025,201221_21
273,20,-60.98548432,-34.78124942,62.325,37.325,26.2042349,55.71874976,63.575,90.49999918,1.25,-59.03124878,69.05,6.725,161.71,63,-78.49,63.8,0.8,1.075,201221_21
274,21,-60.70492336,-34.96875062,60.425,35.425,25.73617274,56.49999902,61.7,91.46874963,1.275,-58.18749972,66.475,6.05,161.51,61.1,-81.05,61.975,0.875,1.075,201221_21
275,22,-61.02577557,-34.37500087,60.2,35.2,26.6507747,56.24999851,61.45,90.62499938,1.25,-58.18749977,66.675,6.475,161.84,60.875,-81.71,61.675,0.8,1.05,201221_21
276,23,-61.17652083,-35.18749981,59.625,34.625,25.98902101,56.31250143,60.925,91.50000124,1.3,-57.81250031,65.625,6,161.91,60.35,-81.71,61.175,0.825,1.05,201221_21
277,24,-61.02637309,-35.43750338,58.55,33.55,25.58886971,56.65624887,59.875,92.09375225,1.325,-57.75000309,64.775,6.225,162.89,59.3,-81.38,60.1,0.8,1.05,201221_21
278,25,-60.50150023,-34.90624972,57.95,32.95,25.59525051,56.96874857,59.275,91.87499829,1.325,-57.06249884,64.1,6.15,161.78,58.675,-82.96,59.475,0.8,1.05,201221_21
279,26,-61.33702575,-34.81250057,57.825,32.825,26.52452519,56.84375018,59.1,91.65625074,1.275,-57.06250139,63.925,6.1,163.16,58.525,-81.32,59.35,0.825,1.025,201221_21
280,14,-52.97866522,-34.12499981,71.525,46.525,18.85366541,61.34375185,72.875,95.46875165,1.35,-54.24999901,83.95,12.425,170.26,72.2,-47.83,73.35,1.15,1.7,201228_11
281,15,-52.742022,-34.71874786,65.6,40.6,18.02327414,61.40625104,66.975,96.12499891,1.375,-53.87499881,78.075,12.475,169.87,66.35,-47.17,67.375,1.025,1.75,201228_11
282,16,-53.19325639,-34.8437511,66.35,41.35,18.34950529,61.12499908,67.75,95.96875018,1.4,-54.0625006,78.425,12.075,169.08,67.075,-46.58,68.15,1.075,1.775,201228_11
283,17,-53.03419128,-34.87500157,62.8,37.8,18.15918972,61.37499958,64.175,96.25000115,1.375,-54.12500084,75.775,12.975,170,63.5,-47.24,64.625,1.125,1.75,201228_11
284,18,-53.45020054,-34.78125137,62.95,37.95,18.66894917,61.53124943,64.325,96.3125008,1.375,-53.90625032,75.35,12.4,170.86,63.675,-47.17,64.75,1.075,1.75,201228_11
285,10,-62.72525918,-38.25000217,70.975,45.975,24.47525702,51.0937497,72.2,89.34375187,1.225,-63.5000027,77.8,6.825,153.62,71.575,-78.82,72.45,0.875,1.05,201221_20
286,11,-63.07998411,-38.71874793,67.075,42.075,24.36123619,51.37500167,68.25,90.0937496,1.175,-63.74999788,74.225,7.15,159.28,67.65,-80.99,68.5,0.85,1.025,201221_20
287,12,-63.51585596,-38.49999723,65.05,40.05,25.01585873,52.37499997,66.25,90.8749972,1.2,-62.87499637,71.625,6.575,162.83,65.65,-82.04,66.5,0.85,1.05,201221_20
288,13,-63.46665075,-39.15624739,61.95,36.95,24.31040336,53.03125083,63.2,92.18749822,1.25,-62.4374966,69.15,7.2,161.84,62.575,-82.76,63.4,0.825,1.05,201221_20
289,14,-63.44247129,-38.93749846,61.475,36.475,24.50497283,52.90624872,62.725,91.84374718,1.25,-61.90624766,67.925,6.45,164.54,62.125,-82.11,62.925,0.8,1.05,201221_20
290,15,-62.66738822,-38.03125255,60.2,35.2,24.63613567,53.18750069,61.4,91.21875324,1.2,-61.40625208,66.475,6.275,163.42,60.8,-83.22,61.625,0.825,1.025,201221_20
291,16,-63.0296828,-38.68749745,58.9,33.9,24.34218535,53.93749848,60.125,92.62499593,1.225,-61.18749686,65.4,6.5,162.37,59.5,-84.21,60.325,0.825,1.025,201221_20
292,17,-63.49502543,-38.53124885,58.5,33.5,24.96377658,54.15625125,59.75,92.6875001,1.25,-60.624999,64.85,6.35,165.26,59.15,-84.54,59.95,0.8,1.025,201221_20
293,18,-62.55580411,-38.40624782,57.25,32.25,24.14955629,54.18749899,58.475,92.5937468,1.225,-60.12499818,63.5,6.25,167.17,57.9,-84.87,58.7,0.8,1.05,201221_20
294,19,-62.19069424,-37.87500217,56.825,31.825,24.31569207,54.0625006,58.05,91.93750277,1.225,-59.84375356,62.975,6.15,165.79,57.475,-85.59,58.275,0.8,1.025,201221_20
295,20,-62.26667254,-38.37499959,56.275,31.275,23.89167295,54.24999818,57.55,92.62499777,1.275,-59.40624965,62.35,6.075,163.88,56.95,-85.07,57.8,0.85,1.05,201221_20
296,21,-63.21737595,-37.96875141,56.225,31.225,25.24862454,54.28124964,57.5,92.25000105,1.275,-59.12500215,62.4,6.175,165.66,56.9,-84.87,57.675,0.775,1.025,201221_20
297,22,-62.07535314,-37.81249601,55.475,30.475,24.26285712,53.96874994,56.725,91.78124596,1.25,-58.7812465,61.125,5.65,164.74,56.15,-84.54,56.925,0.775,1.025,201221_20
298,23,-62.09709648,-38.18750074,55.175,30.175,23.90959574,54.28124964,56.45,92.46875039,1.275,-58.59374951,61.275,6.1,162.43,55.825,-83.88,56.65,0.825,1.05,201221_20
299,13,-65.62418341,-40.65624819,86.575,61.575,24.96793522,63.21875006,87.775,103.8749983,1.2,-61.74999698,98.125,11.55,188.36,87.15,-64.61,88.175,1.025,1.45,201228_14
300,14,-65.34881459,-40.87499722,80.075,55.075,24.47381737,62.87500262,81.3,103.7499998,1.225,-61.74999707,91.925,11.85,187.3,80.65,-64.14,81.625,0.975,1.45,201228_14
301,15,-64.09299747,-41.31249982,74.5,49.5,22.78049765,62.78125197,75.75,104.0937518,1.25,-61.31249846,85.275,10.775,186.45,75.075,-64.01,76.05,0.975,1.45,201228_14
302,16,-64.31750515,-40.65624979,69.9,44.9,23.66125536,62.68750131,71.125,103.3437511,1.225,-61.09375,81.675,11.775,186.91,70.475,-64.47,71.45,0.975,1.425,201228_14
303,17,-64.02959388,-40.43750145,68.025,43.025,23.59209244,63.00000101,69.225,103.4375025,1.2,-60.7812516,78.05,10.025,187.76,68.6,-65.13,69.6,1,1.425,201228_14
304,18,-57.99749765,-32.62500115,78.775,53.775,25.3724965,66.65624678,80.025,99.28124793,1.25,-55.90625021,86.025,7.25,185.39,79.4,-79.08,80.325,0.925,1.2,201228_22
305,19,-58.36968204,-32.59374919,75.025,50.025,25.77593285,66.53124839,76.275,99.12499758,1.25,-55.93749986,82.325,7.3,183.75,75.65,-77.89,76.525,0.875,1.2,201228_22
306,20,-57.99877869,-32.96874832,70.6,45.6,25.03003037,66.37500226,71.85,99.34375058,1.25,-56.12499861,78.075,7.475,183.42,71.25,-78.68,72.2,0.95,1.175,201228_22
307,21,-57.92210843,-32.43749875,68.4,43.4,25.48460968,66.59375131,69.65,99.03125006,1.25,-55.65624875,76.125,7.725,182.63,69.025,-78.55,69.95,0.925,1.175,201228_22
308,30,-63.29125797,-32.37499838,70.9,45.9,30.91625959,69.93749738,72.025,102.3124958,1.125,-45.12499789,80.25,9.35,194.47,71.525,-73.09,72.3,0.775,1.125,201221_06
309,31,-62.89768214,-32.65625469,68.075,43.075,30.24142745,69.59374994,69.225,102.2500046,1.15,-44.65625441,75.775,7.7,193.95,68.725,-73.29,69.55,0.825,1.15,201221_06
310,2,-82.39908413,-33.12500081,102.25,77.25,49.27408332,49.18750003,103.5,82.31250084,1.25,-49.65625121,110.475,8.225,141.12,102.8,-50.59,103.9,1.1,1.45,201221_07
311,3,-82.94260063,-35.37500387,86.575,61.575,47.56759677,52.18749866,87.8,87.56250252,1.225,-49.12500151,95.2,8.625,156.78,87.125,-54.21,88.15,1.025,1.4,201221_07
312,4,-85.06118724,-35.93749789,88.75,63.75,49.12368935,52.53124982,89.95,88.46874771,1.2,-48.18750069,95.975,7.225,155.53,89.3,-55.46,90.325,1.025,1.4,201221_07
313,5,-86.76185513,-36.71874724,85.725,60.725,50.04310789,53.90625075,86.925,90.62499798,1.2,-48.68749807,93.275,7.55,165.2,86.275,-53.95,87.325,1.05,1.4,201221_07
314,6,-86.70714637,-37.2812487,78.675,53.675,49.42589767,54.18749899,79.875,91.46874769,1.2,-48.06250003,85.825,7.15,167.83,79.25,-55.66,80.225,0.975,1.375,201221_07
315,7,-84.35416414,-37.31249836,74.85,49.85,47.04166578,54.78125066,76.05,92.09374902,1.2,-48.1874997,82.275,7.425,169.34,75.425,-55.99,76.45,1.025,1.375,201221_07
316,8,-83.92576625,-37.749998,70.875,45.875,46.17576825,55.15624955,72.075,92.90624756,1.2,-46.90624744,77.575,6.7,169.47,71.425,-55.99,72.425,1,1.4,201221_07
317,9,-85.19913492,-38.37500119,71.35,46.35,46.82413373,55.75000122,72.575,94.12500241,1.225,-46.93749862,78.5,7.15,173.09,71.95,-56.51,72.85,0.9,1.4,201221_07
318,10,-85.65130952,-38.09375316,70,45,47.55755636,56.43749982,71.225,94.53125298,1.225,-47.00000212,76.975,6.975,173.16,70.575,-57.57,71.55,0.975,1.375,201221_07
319,19,-57.2057991,-34.53124987,69.05,44.05,22.67454922,62.59375066,70.475,97.12500053,1.425,-50.34374983,78.25,9.2,165.53,69.8,-51.12,70.95,1.15,1.775,201229_04
320,21,-62.40794114,-34.31250225,76.625,51.625,28.0954389,62.62499839,78.025,96.93750064,1.4,-51.00000173,85.925,9.3,166.12,77.375,-50,78.525,1.15,1.75,201229_04
321,22,-60.60579432,-35.31250066,70.825,45.825,25.29329366,62.40624934,72.3,97.71875,1.475,-51.15625139,80.3,9.475,164.01,71.65,-51.18,72.825,1.175,1.775,201229_04
322,23,-61.89405231,-34.68750101,70.275,45.275,27.2065513,62.06249818,71.675,96.74999919,1.4,-51.50000197,80.55,10.275,163.82,71.025,-50.92,72.175,1.15,1.725,201229_04
323,24,-61.14843135,-34.87500231,67.175,42.175,26.27342905,61.93749979,68.65,96.8125021,1.475,-51.50000163,76.625,9.45,163.55,67.95,-49.8,69.175,1.225,1.775,201229_04
324,25,-63.49236457,-34.90624856,70.75,45.75,28.58611601,61.84374914,72.225,96.74999769,1.475,-52.15624763,80.375,9.625,163.42,71.525,-50.86,72.6,1.075,1.775,201229_04
325,18,-60.54016649,-35.03125121,74.225,49.225,25.50891528,59.25000086,75.45,94.28125208,1.225,-54.50000131,80.375,6.15,170,74.825,-80.72,75.775,0.95,1.125,201229_10
326,19,-61.02624538,-34.84375008,69.625,44.625,26.1824953,59.81250107,70.85,94.65625115,1.225,-54.18749995,75.45,5.825,171.58,70.225,-82.76,71.2,0.975,1.125,201229_10
327,20,-60.58987052,-35.71875066,66.55,41.55,24.87111986,59.93749946,67.8,95.65625012,1.25,-53.90624964,72.425,5.875,171.51,67.175,-81.45,68.15,0.975,1.125,201229_10
328,21,-61.23401536,-36.03124961,65.125,40.125,25.20276575,60.40624902,66.375,96.43749863,1.25,-54.25000004,71.275,6.15,173.29,65.725,-82.43,66.75,1.025,1.15,201229_10
329,22,-60.70651763,-35.68749991,64.45,39.45,25.01901772,60.43750048,65.725,96.12500038,1.275,-53.8124989,70.125,5.675,172.89,65.1,-83.16,66.075,0.975,1.15,201229_10
330,14,-61.69460285,-38.93750197,71.675,46.675,22.75710088,47.8749983,73.075,86.81250027,1.4,-63.15625203,79.15,7.475,135.92,72.325,-61.58,73.5,1.175,1.4,201229_05
331,15,-61.65756372,-39.68750075,68.075,43.075,21.97006297,48.53124917,69.45,88.21874991,1.375,-63.18749989,75.225,7.15,138.22,68.75,-61.71,69.875,1.125,1.4,201229_05
332,16,-62.71287145,-39.68750106,66.8,41.8,23.02537039,49.28125069,68.175,88.96875175,1.375,-62.65625233,74.35,7.55,141.38,67.45,-62.5,68.6,1.15,1.4,201229_05
333,17,-63.51592452,-39.65625093,65.625,40.625,23.85967358,49.62500185,66.95,89.28125278,1.325,-62.75000231,72.825,7.2,144.21,66.25,-64.41,67.375,1.125,1.375,201229_05
334,18,-63.46340327,-39.31250224,65.4,40.4,24.15090103,50.03124848,66.75,89.34375072,1.35,-62.81250236,72.35,6.95,144.28,66.025,-63.82,67.15,1.125,1.375,201229_05
335,19,-61.86877737,-39.81250152,63,38,22.05627585,49.43750054,64.4,89.25000206,1.4,-62.31250236,70.325,7.325,142.17,63.675,-62.7,64.75,1.075,1.4,201229_05
336,20,-62.46893489,-39.87499819,61.675,36.675,22.5939367,50.34374818,63.025,90.21874638,1.35,-62.06249721,69.325,7.65,144.74,62.325,-64.47,63.45,1.125,1.375,201229_05
337,13,-60.38313139,-35.84374844,80.475,55.475,24.53938295,59.00000036,81.8,94.84374879,1.325,-59.84374826,88.575,8.1,161.51,81.175,-57.76,82.225,1.05,1.525,201229_06
338,14,-60.28581732,-36.21875013,70.425,45.425,24.06706719,59.99999866,71.85,96.21874879,1.425,-59.12500033,78.475,8.05,162.7,71.175,-59.61,72.2,1.025,1.5,201229_06
339,15,-60.43077422,-36.49999891,65.825,40.825,23.93077531,59.84374881,67.275,96.34374772,1.45,-59.06249968,73.65,7.825,163.68,66.575,-58.55,67.675,1.1,1.5,201229_06
340,16,-60.42386051,-37.03124857,64.5,39.5,23.39261193,59.90625173,65.9,96.9375003,1.4,-58.90624905,72.4,7.9,164.28,65.25,-58.49,66.35,1.1,1.525,201229_06
341,17,-60.31259515,-36.90624959,62.525,37.525,23.40634556,59.90625173,63.925,96.81250132,1.4,-58.87500125,71.175,8.65,164.14,63.275,-58.68,64.3,1.025,1.525,201229_06
342,18,-60.28271887,-37.06249986,61.825,36.825,23.22021901,60.03125012,63.25,97.09374998,1.425,-58.65624866,69.525,7.7,164.47,62.575,-58.88,63.65,1.075,1.525,201229_06
343,23,-61.84328107,-36.18749979,68.45,43.45,25.65578129,62.1250011,69.75,98.31250089,1.3,-58.03125024,73.975,5.525,176.45,69.175,-97.96,69.95,0.775,0.95,201221_17
344,24,-61.82454149,-36.24999874,65.55,40.55,25.57454275,62.34375015,66.85,98.59374889,1.3,-57.87499834,71.2,5.65,176.45,66.25,-98.88,67.025,0.775,0.95,201221_17
345,25,-61.8008951,-36.4062511,63.75,38.75,25.394644,62.68750131,65.075,99.09375241,1.325,-57.8125004,69.5,5.75,176.71,64.5,-99.54,65.275,0.775,0.925,201221_17
346,26,-61.65118356,-36.34375091,62.975,37.975,25.30743265,62.78125197,64.3,99.12500287,1.325,-57.53125128,68.35,5.375,176.71,63.725,-99.01,64.5,0.775,0.95,201221_17
347,27,-61.73676701,-36.28124796,62,37,25.45551904,62.68750131,63.3,98.96874927,1.3,-57.34374901,67.5,5.5,176.78,62.725,-98.68,63.5,0.775,0.925,201221_17
348,15,-65.30061244,-39.03124963,101.05,76.05,26.26936281,56.09374866,102.3,95.12499828,1.25,-60.2187495,108.175,7.125,165.39,101.65,-85.46,102.55,0.9,1.075,201221_03
349,16,-65.27705503,-41.15624677,80,55,24.12080826,58.09374899,81.225,99.24999576,1.225,-59.87499689,87.425,7.425,174.21,80.6,-88.49,81.5,0.9,1.075,201221_03
350,17,-64.09452997,-39.68749908,75.4,50.4,24.40703089,59.31250006,76.575,98.99999914,1.175,-58.37499789,81.675,6.275,178.62,75.975,-90.59,76.825,0.85,1.05,201221_03
351,18,-63.97700584,-38.62499828,72.425,47.425,25.35200756,60.09374931,73.6,98.7187476,1.175,-57.81249781,79.3,6.875,177.3,72.975,-90.2,73.85,0.875,1.025,201221_03
352,19,-63.37443351,-38.37499779,70.575,45.575,24.99943572,60.90625003,71.75,99.28124782,1.175,-56.37499696,76.525,5.95,178.09,71.15,-90.2,72.025,0.875,1.05,201221_03
353,20,-62.09656217,-37.68749792,68.5,43.5,24.40906425,61.34375185,69.675,99.03124977,1.175,-56.78124681,75.3,6.8,178.49,69.05,-92.11,69.925,0.875,1.025,201221_03
354,21,-62.95792615,-38.50000021,68.25,43.25,24.45792594,61.53124943,69.425,100.0312496,1.175,-56.09374962,74.5,6.25,179.14,68.825,-90.92,69.7,0.875,1.025,201221_03
355,22,-63.73695612,-38.15624902,66.975,41.975,25.5807071,61.62500009,68.125,99.78124911,1.15,-56.18749986,73.2,6.225,180.46,67.525,-91.12,68.4,0.875,1.05,201221_03
356,23,-63.05208665,-38.46875258,63.475,38.475,24.58333407,61.5000017,64.675,99.96875428,1.2,-56.000003,69.15,5.675,181.32,64.05,-90.92,64.95,0.9,1.05,201221_03
357,24,-63.08417828,-38.406251,63.85,38.85,24.67792728,61.46875024,65.025,99.87500124,1.175,-56.12500012,70.2,6.35,180.33,64.425,-89.67,65.3,0.875,1.05,201221_03
358,25,-64.18174343,-39.03124937,62.75,37.75,25.15049406,60.93750149,63.95,99.96875086,1.2,-56.34374921,68.525,5.775,181.45,63.325,-90.59,64.175,0.85,1.05,201221_03
359,26,-64.0797326,-39.24999683,62.275,37.275,24.82973577,60.40624902,63.45,99.65624585,1.175,-56.40624683,67.425,5.15,180.79,62.825,-90.92,63.7,0.875,1.025,201221_03
360,27,-63.65518919,-39.71875207,61.125,36.125,23.93643712,60.40624902,62.325,100.1250011,1.2,-56.9062528,67.075,5.95,180.59,61.7,-91.18,62.575,0.875,1.05,201221_03
361,28,-63.16291067,-39.24999764,60.5,35.5,23.91291303,60.78125164,61.675,100.0312493,1.175,-56.09374794,66.175,5.675,182.11,61.05,-91.05,61.95,0.9,1.05,201221_03
362,29,-62.52734344,-38.84375318,59.275,34.275,23.68359026,61.18749827,60.45,100.0312515,1.175,-55.46875309,65.475,6.2,180,59.85,-91.25,60.725,0.875,1.05,201221_03
363,30,-61.91867058,-38.21875002,58.925,33.925,23.69992055,61.5000017,60.1,99.71875172,1.175,-55.12500145,64.275,5.35,181.38,59.475,-90.39,60.35,0.875,1.025,201221_03
364,31,-61.53575332,-37.9062497,58.3,33.3,23.62950363,61.43749878,59.45,99.34374847,1.15,-54.93749892,64.05,5.75,180.79,58.85,-91.32,59.75,0.9,1.05,201221_03
365,7,-41.56881781,-24.71874964,74.475,49.475,16.85006817,25.75000003,76.6,50.46874967,2.125,-49.2187487,82.825,8.35,45.07,75.425,-25.53,77.275,1.85,2.275,201228_26
366,8,-41.81756911,-25.40625253,68.15,43.15,16.41131658,26.24999918,70.225,51.65625171,2.075,-48.46875137,76.3,8.15,46.25,69.1,-26.84,71.025,1.925,2.225,201228_26
367,9,-42.34174941,-25.71875229,69.1,44.1,16.62299712,25.75000003,71.125,51.46875232,2.025,-48.25000139,77.55,8.45,47.11,70.025,-25.99,71.875,1.85,2.25,201228_26
368,10,-42.03979123,-25.5312522,65.925,40.925,16.50853903,26.00000054,68,51.53125274,2.075,-48.1562512,73.725,7.8,46.71,66.925,-26.45,68.675,1.75,2.2,201228_26
369,15,-64.24893957,-36.34375316,76.675,51.675,27.90518641,63.84374946,77.825,100.1875026,1.15,-59.53125311,81.25,4.575,189.74,77.275,-115.33,78.05,0.775,0.85,201221_16
370,16,-63.7150883,-36.49999762,73.45,48.45,27.21509067,64.31250274,74.6,100.8125004,1.15,-59.5312482,78.175,4.725,190.79,74.05,-116.05,74.8,0.75,0.85,201221_16
371,17,-62.96937632,-36.74999889,68.525,43.525,26.21937743,64.7187531,69.675,101.468752,1.15,-59.71875054,72.975,4.45,191.45,69.1,-116.84,69.875,0.775,0.85,201221_16
372,18,-63.8091527,-37.53124889,67.5,42.5,26.27790381,64.46874887,68.675,101.9999978,1.175,-59.40624971,72.2,4.7,192.24,68.125,-117.3,68.9,0.775,0.85,201221_16
373,19,-63.62606499,-37.28125056,65.9,40.9,26.34481442,65.18749893,67.1,102.4687495,1.2,-59.25000124,70.225,4.325,192.89,66.525,-117.57,67.275,0.75,0.85,201221_16
374,20,-63.30436341,-37.74999561,64.125,39.125,25.5543678,65.3437525,65.3,103.0937481,1.175,-59.31249661,68.975,4.85,193.82,64.75,-116.91,65.5,0.75,0.85,201221_16
375,21,-63.32986285,-37.46875126,64.05,39.05,25.86111159,65.15625119,65.225,102.6250024,1.175,-59.0625015,68.475,4.425,194.08,64.675,-118.09,65.425,0.75,0.85,201221_16
376,20,-62.75725601,-35.56249824,74.275,49.275,27.19475777,59.90625173,75.5,95.46874997,1.225,-53.24999899,80.15,5.875,173.88,74.925,-87.3,75.7,0.775,1.025,201221_14
377,21,-62.46646843,-36.40625151,69.275,44.275,26.06021692,60.78125164,70.525,97.18750315,1.25,-53.37500144,74.425,5.15,177.5,69.95,-89.21,70.775,0.825,1.025,201221_14
378,22,-62.43737392,-36.71875017,67.1,42.1,25.71862376,60.96874923,68.35,97.68749939,1.25,-53.1562496,72.525,5.425,177.57,67.8,-86.84,68.6,0.8,1.05,201221_14
379,23,-62.56381061,-36.37499662,64.975,39.975,26.18881399,61.62500009,66.2,97.99999671,1.225,-53.18749672,70.1,5.125,179.54,65.625,-89.14,66.4,0.775,1.025,201221_14
380,24,-62.27471514,-36.93750147,63.9,38.9,25.33721366,61.53124943,65.175,98.46875091,1.275,-52.84375284,69.25,5.35,179.61,64.575,-88.88,65.375,0.8,1.05,201221_14
381,25,-62.32666949,-36.74999843,63.3,38.3,25.57667106,61.93749979,64.525,98.68749822,1.225,-52.78124884,68.475,5.175,179.93,63.95,-90.66,64.775,0.825,1.025,201221_14
382,26,-62.45836657,-37.15625195,62.2,37.2,25.30211462,61.84374914,63.5,99.00000108,1.3,-52.46875156,67.825,5.625,180.59,62.9,-89.14,63.675,0.775,1.025,201221_14
383,27,-62.42076647,-36.87500059,61.475,36.475,25.54576589,61.84374914,62.725,98.71874972,1.25,-52.9062513,66.9,5.425,180.13,62.15,-89.67,62.95,0.8,1.025,201221_14
384,28,-62.79773753,-37.12500091,61.125,36.125,25.67273663,62.24999949,62.4,99.3750004,1.275,-52.75000181,66.25,5.125,181.18,61.8,-88.95,62.575,0.775,1.05,201221_14
385,29,-62.56572231,-37.09375036,60.275,35.275,25.47197196,62.1875003,61.525,99.28125065,1.25,-52.43750042,65.525,5.25,181.38,60.925,-89.41,61.75,0.825,1.025,201221_14
386,10,-59.0919679,-34.59374993,173.35,148.35,24.49821797,59.2187494,174.425,93.81249934,1.075,-59.96875097,180.75,7.4,178.75,173.775,-73.36,174.775,1,1.15,201221_15
387,12,-58.65606159,-34.93750062,70.975,45.975,23.71856097,61.68749928,72.05,96.6249999,1.075,-59.81249923,77.9,6.925,184.47,71.425,-76.25,72.425,1,1.125,201221_15
388,14,-58.99311885,-32.43750159,252.9,227.9,26.55561726,54.93750051,254.025,87.37500209,1.125,-58.50000071,260.05,7.15,160,253.425,-65.99,254.4,0.975,1.225,201221_15
389,15,-56.83752407,-33.81249941,77.325,52.325,23.02502466,59.90625173,78.375,93.71875114,1.05,-58.24999907,83.65,6.325,178.16,77.75,-72.96,78.75,1,1.15,201221_15
390,16,-58.410944,-35.06250099,77.675,52.675,23.34844301,60.03125012,78.75,95.09375111,1.075,-58.21875182,83.9,6.225,179.54,78.125,-73.62,79.125,1,1.15,201221_15
391,17,-57.50340787,-34.84374835,69.7,44.7,22.65965953,60.56249887,70.775,95.40624721,1.075,-57.81249821,76.275,6.575,180.46,70.15,-73.36,71.15,1,1.15,201221_15
392,18,-56.91210037,-35.03125047,66.175,41.175,21.8808499,60.46874821,67.275,95.49999868,1.1,-57.84375077,72.95,6.775,180.86,66.625,-73.29,67.65,1.025,1.175,201221_15
393,19,-56.82823346,-34.24999935,64.275,39.275,22.57823411,60.68750098,65.35,94.93750033,1.075,-57.28124899,70.275,6,180.33,64.725,-75.53,65.75,1.025,1.15,201221_15
394,20,-56.63238316,-35.25000046,62.5,37.5,21.3823827,60.46874821,63.625,95.71874867,1.125,-57.00000076,68.55,6.05,179.87,62.975,-71.64,64,1.025,1.2,201221_15
395,21,-56.7374558,-34.53124873,62.375,37.375,22.20620707,60.90625003,63.475,95.43749876,1.1,-56.90624959,69.15,6.775,180.13,62.825,-73.22,63.85,1.025,1.175,201221_15
396,13,-61.98363954,-39.65624931,82.6,57.6,22.32739023,63.37500364,83.8,103.0312529,1.2,-55.53124939,89.95,7.35,191.97,83.15,-63.62,84.175,1.025,1.35,201228_25
397,14,-62.43996932,-39.12499928,79.05,54.05,23.31497004,63.78124654,80.2,102.9062458,1.15,-55.56249848,86.375,7.325,191.78,79.55,-65.33,80.575,1.025,1.325,201228_25
398,15,-62.58276676,-40.09374843,70.35,45.35,22.48901833,64.15624917,71.525,104.2499976,1.175,-55.53124684,77.95,7.6,193.82,70.875,-65.53,71.925,1.05,1.325,201228_25
399,16,-62.29204334,-39.90625146,69.075,44.075,22.38579188,64.15624917,70.275,104.0625006,1.2,-55.312501,76.4,7.325,195.99,69.625,-63.95,70.5,0.875,1.375,201228_25
400,17,-62.48332875,-40.31250222,65.6,40.6,22.17082652,64.06249851,66.8,104.3750007,1.2,-55.03125154,72.7,7.1,195,66.15,-63.16,67,0.85,1.375,201228_25
401,18,-62.19529139,-40.50000304,64.125,39.125,21.69528836,61.12499908,65.275,101.6250021,1.15,-55.65625243,71.55,7.425,191.78,64.75,-59.61,65.6,0.85,1.425,201228_25
402,19,-62.85520167,-40.56250414,63.35,38.35,22.29269753,64.37499821,64.55,104.9375024,1.2,-54.03125269,70.1,6.75,195.79,63.9,-62.24,64.925,1.025,1.35,201228_25
403,20,-62.46778066,-40.43749924,62.025,37.025,22.03028141,64.37499821,63.2,104.8124975,1.175,-53.84375037,68.425,6.4,197.83,62.55,-64.47,63.425,0.875,1.35,201228_25
404,21,-63.19716829,-40.28125197,61.425,36.425,22.91591633,64.68749791,62.625,104.9687499,1.2,-53.68750201,68.325,6.9,198.75,61.95,-63.29,63,1.05,1.35,201228_25
405,1,-58.80496292,-32.4687501,66.225,41.225,26.33621283,40.31249881,67.475,72.7812489,1.25,-43.87500082,74.6,8.375,119.21,66.775,-30.39,68.55,1.775,2.175,201221_01
406,2,-56.44647701,-32.71874889,62.85,37.85,23.72772812,39.90624845,64.125,72.62499734,1.275,-43.09374864,71.475,8.625,118.55,63.4,-29.08,65.225,1.825,2.225,201221_01
407,18,-60.34919256,-38.28125001,63.475,38.475,22.06794255,57.65625089,64.725,95.9375009,1.25,-59.53124961,69.025,5.55,174.28,64.125,-86.64,65.025,0.9,1.05,201228_19
408,19,-61.02637036,-38.43749898,64.05,39.05,22.58887137,57.65625089,65.3,96.09374988,1.25,-59.34375025,70.05,6,173.95,64.7,-87.57,65.575,0.875,1.075,201228_19
409,20,-58.75832026,-37.62500066,63,38,21.1333196,56.81249872,64.25,94.43749938,1.25,-59.40624942,68.625,5.625,168.95,63.65,-86.32,64.525,0.875,1.05,201228_19
410,21,-58.28040675,-38.59375082,60.175,35.175,19.68665593,57.15624988,61.475,95.7500007,1.3,-58.59375139,65.525,5.35,171.18,60.875,-86.25,61.75,0.875,1.075,201228_19
411,22,-59.79532484,-37.96874802,60.975,35.975,21.82657683,57.09375069,62.25,95.0624987,1.275,-59.24999823,66.75,5.775,170.07,61.65,-87.11,62.55,0.9,1.075,201228_19
412,23,-60.05818275,-38.31249951,58.625,33.625,21.74568324,57.18750134,59.9,95.50000085,1.275,-58.59374962,63.975,5.35,171.18,59.3,-84.87,60.2,0.9,1.1,201228_19
413,17,-57.75184459,-35.31249922,81.3,56.3,22.43934537,66.21874869,82.5,101.5312479,1.2,-54.9062491,90.025,8.725,190.86,81.9,-71.91,82.725,0.825,1.225,201221_05
414,18,-57.52436738,-35.31249963,75.9,50.9,22.21186775,66.62499905,77.05,101.9374987,1.15,-54.21874914,84.375,8.475,191.12,76.5,-73.95,77.35,0.85,1.2,201221_05
415,19,-56.86489749,-34.7187521,71.575,46.575,22.14614539,67.71875173,72.75,102.4375038,1.175,-53.34375123,80.25,8.675,192.37,72.2,-73.29,73.025,0.825,1.2,201221_05
416,20,-56.25140891,-34.18750013,68.15,43.15,22.06390878,68.3125034,69.35,102.5000035,1.2,-52.25000119,76.075,7.925,192.3,68.775,-72.96,69.625,0.85,1.225,201221_05
417,21,-55.71321493,-33.96875132,66.425,41.425,21.74446362,68.81249696,67.6,102.7812483,1.175,-51.84375175,74.9,8.475,192.76,67.05,-73.68,67.875,0.825,1.225,201221_05
418,23,-62.55042805,-37.28125269,67.35,42.35,25.26917536,63.62500042,68.65,100.9062531,1.3,-57.68750282,73.575,6.225,184.28,68.05,-75.13,68.925,0.875,1.175,201228_08
419,24,-62.69182008,-37.1562509,67.025,42.025,25.53556918,63.37500364,68.3,100.5312545,1.275,-58.46875288,73.95,6.925,183.22,67.725,-76.05,68.6,0.875,1.175,201228_08
420,25,-62.37587719,-36.84375087,64.725,39.725,25.53212632,63.53124976,66.025,100.3750006,1.3,-58.34375112,71.85,7.125,183.49,65.425,-75.66,66.3,0.875,1.175,201228_08
421,26,-62.38107051,-37.59375022,63.525,38.525,24.78732029,63.65624815,64.85,101.2499984,1.325,-57.34375174,69.75,6.225,183.16,64.275,-75.92,65.125,0.85,1.175,201228_08
422,27,-62.51091461,-37.46874616,63.425,38.425,25.04216845,63.50000203,64.725,100.9687482,1.3,-57.3437472,69.625,6.2,183.29,64.15,-75.66,65.05,0.9,1.175,201228_08
423,28,-62.32823358,-37.59375009,62.35,37.35,24.73448349,63.65624815,63.7,101.2499982,1.35,-57.21874916,69.075,6.725,183.29,63.075,-75.72,63.975,0.9,1.2,201228_08
424,20,-62.97419466,-36.25000216,83.45,58.45,26.7241925,54.81249839,84.525,91.06250055,1.075,-61.28125168,90.2,6.75,169.47,84,-80.13,84.825,0.825,1.075,201221_10
425,21,-65.42845802,-37.53124851,74.025,49.025,27.89720951,57.06249923,75.1,94.59374773,1.075,-60.5937485,79.725,5.7,175.99,74.475,-84.54,75.425,0.95,1.075,201221_10
426,22,-63.62271793,-37.21875078,76.475,51.475,26.40396715,56.46875128,77.55,93.68750206,1.075,-61.40625146,83.225,6.75,174.87,77.025,-84.01,77.9,0.875,1.05,201221_10
427,23,-63.42705542,-37.71875306,71.075,46.075,25.70830236,57.09375069,72.15,94.81250374,1.075,-60.68750318,76.425,5.35,177.37,71.6,-84.74,72.475,0.875,1.075,201221_10
428,24,-62.35923214,-37.7499984,71.7,46.7,24.60923374,56.90624937,72.775,94.65624778,1.075,-60.6874979,77.875,6.175,176.71,72.175,-85.39,73.1,0.925,1.05,201221_10
429,25,-64.66541435,-37.84374967,68.8,43.8,26.82166468,57.09375069,69.875,94.93750036,1.075,-60.21874914,74.275,5.475,178.09,69.25,-84.28,70.175,0.925,1.075,201221_10
430,26,-63.8531371,-37.87500136,67.375,42.375,25.97813574,57.87499994,68.425,95.7500013,1.05,-60.3437526,72.9,5.525,179.8,67.825,-85.92,68.75,0.925,1.05,201221_10
431,27,-64.20892851,-38.15624995,66.9,41.9,26.05267856,57.9062514,67.975,96.06250135,1.075,-60.125001,72.025,5.125,179.47,67.35,-85.59,68.3,0.95,1.05,201221_10
432,8,-59.29310533,-32.09374843,100.95,75.95,27.1993569,66.37500226,102.2,98.4687507,1.25,-50.49999906,107.7,6.75,178.03,101.6,-78.29,102.475,0.875,1.175,201221_04
433,9,-59.37859696,-32.87500019,87.525,62.525,26.50359678,66.74999744,88.775,99.62499762,1.25,-50.68749914,93.775,6.25,180.07,88.2,-79.21,89.1,0.9,1.175,201221_04
434,10,-59.22331618,-32.59375163,82.45,57.45,26.62956455,66.74999744,83.675,99.34374907,1.225,-50.65624969,89.65,7.2,180.66,83.1,-78.68,84,0.9,1.175,201221_04
435,11,-59.55004884,-33.03124751,77.4,52.4,26.51880133,67.28125364,78.65,100.3125011,1.25,-50.12499878,84.35,6.95,182.11,78.075,-78.75,78.95,0.875,1.175,201221_04
436,12,-59.50416213,-33.28125156,74.375,49.375,26.22291058,67.62500107,75.65,100.9062526,1.275,-50.2500016,81.025,6.65,182.83,75.05,-81.45,75.975,0.925,1.175,201221_04
437,13,-60.06985093,-33.31249943,71.425,46.425,26.7573515,67.18750298,72.7,100.5000024,1.275,-49.81250026,77.525,6.1,182.76,72.125,-81.58,73,0.875,1.175,201221_04
438,14,-60.08139211,-33.28124756,70.45,45.45,26.80014455,66.96874648,71.7,100.249994,1.25,-49.65624807,76.875,6.425,182.76,71.125,-79.87,72.025,0.9,1.175,201221_04
439,15,-60.22832388,-33.62500286,68.875,43.875,26.60332102,67.0312494,70.15,100.6562523,1.275,-49.84375235,75.175,6.3,183.22,69.55,-79.41,70.45,0.9,1.2,201221_04
440,16,-60.08567989,-33.24999952,66.95,41.95,26.83568037,66.78125262,68.225,100.0312521,1.275,-49.65625081,72.85,5.9,182.7,67.6,-79.8,68.5,0.9,1.175,201221_04
441,16,-58.93309087,-36.21875029,89.575,64.575,22.71434058,45.28125003,90.8,81.50000032,1.225,-59.06250153,96.575,7,143.88,90.125,-67.63,91.1,0.975,1.225,201221_12
442,17,-58.35973339,-36.24999842,79.975,54.975,22.10973497,45.93750089,81.2,82.18749931,1.225,-59.28124866,87.4,7.425,145.13,80.525,-68.62,81.475,0.95,1.225,201221_12
443,18,-59.44619555,-36.37499995,78.375,53.375,23.0711956,46.31249979,79.6,82.68749974,1.225,-59.68749935,86.075,7.7,146.84,78.925,-69.8,79.875,0.95,1.2,201221_12
444,19,-58.67414439,-36.4687497,72.325,47.325,22.20539469,46.2500006,73.525,82.71875029,1.2,-59.15625154,80.475,8.15,146.84,72.85,-69.34,73.875,1.025,1.2,201221_12
445,20,-58.97003324,-36.46875012,73.375,48.375,22.50128312,46.06249928,74.55,82.53124941,1.175,-58.81250072,80.75,7.375,146.64,73.9,-69.28,74.85,0.95,1.225,201221_12
446,21,-59.98254328,-35.96874872,74.225,49.225,24.01379456,46.12499848,75.45,82.0937472,1.225,-58.81249824,81.8,7.575,147.89,74.775,-67.89,75.7,0.925,1.2,201221_12
447,22,-58.58940357,-36.03125193,68.525,43.525,22.55815164,46.46874964,69.75,82.50000158,1.225,-57.96875164,75.65,7.125,147.63,69.05,-68.95,69.975,0.925,1.2,201221_12
448,23,-58.76667283,-36.40625076,67.775,42.775,22.36042207,47.1874997,68.975,83.59375046,1.2,-58.12499986,74.9,7.125,148.62,68.325,-71.58,69.3,0.975,1.175,201221_12
449,24,-58.50043935,-36.12500166,67.225,42.225,22.37543769,46.53124884,68.425,82.6562505,1.2,-57.71875143,74.55,7.325,147.3,67.775,-68.88,68.75,0.975,1.2,201221_12
450,25,-57.82579682,-35.81250307,66.475,41.475,22.01329375,46.5000011,67.7,82.31250417,1.225,-57.46875229,73.3,6.825,145.99,67.025,-68.42,68.025,1,1.225,201221_12
451,26,-58.36505052,-35.87499866,64.95,39.95,22.49005186,46.5625003,66.175,82.43749896,1.225,-57.34374797,71.825,6.875,146.45,65.5,-69.01,66.475,0.975,1.225,201221_12
452,27,-58.08173841,-36.00000094,64,39,22.08173747,46.78124934,65.225,82.78125029,1.225,-56.68750042,70.775,6.775,146.58,64.55,-68.49,65.5,0.95,1.225,201221_12
453,28,-58.59781578,-35.81249918,63.3,38.3,22.7853166,46.8125008,64.475,82.62499998,1.175,-56.5312493,70.025,6.725,147.04,63.85,-69.41,64.825,0.975,1.225,201221_12
454,17,-64.53084255,-36.24999905,73.4,48.4,28.28084351,60.12500077,74.525,96.37499982,1.125,-55.49999933,82.15,8.75,182.24,73.975,-73.03,74.8,0.825,1.125,201221_18
455,18,-63.66197301,-36.8124998,68.1,43.1,26.84947321,60.65624952,69.25,97.46874932,1.15,-55.1874992,76.45,8.35,184.41,68.675,-73.95,69.475,0.8,1.125,201221_18
456,19,-64.38594931,-36.68750111,66.625,41.625,27.6984482,61.06249988,67.775,97.75000099,1.15,-55.56250145,75,8.375,184.47,67.225,-75,68.025,0.8,1.125,201221_18
457,20,-64.09737949,-36.84375118,65.15,40.15,27.25362831,61.12499908,66.325,97.96875026,1.175,-54.68750091,73.325,8.175,184.67,65.75,-75.39,66.55,0.8,1.125,201221_18
458,21,-64.0832116,-36.43750355,64,39,27.64570805,61.06249988,65.175,97.50000343,1.175,-53.87500402,71.425,7.425,184.74,64.575,-73.62,65.4,0.825,1.15,201221_18
459,22,-63.93840416,-36.53124615,63.075,38.075,27.40715801,61.28124893,64.25,97.81249508,1.175,-54.24999728,70.175,7.1,184.54,63.675,-74.34,64.5,0.825,1.15,201221_18
460,23,-63.39214066,-36.99999851,61.375,36.375,26.39214215,61.59374863,62.55,98.59374714,1.175,-53.718749,68.575,7.2,185.39,61.975,-73.68,62.8,0.825,1.15,201221_18
461,24,-64.02117693,-37.03124912,61.525,36.525,26.9899278,61.53124943,62.7,98.56249856,1.175,-53.62499923,68.8,7.275,185.59,62.15,-75.26,62.95,0.8,1.15,201221_18
462,25,-63.18052642,-36.75000229,59.825,34.825,26.43052413,61.53124943,61.025,98.28125172,1.2,-52.87500244,66.375,6.55,184.93,60.45,-74.8,61.225,0.775,1.125,201221_18
463,16,-64.25021979,-38.87499947,89.25,64.25,25.37522031,55.28125167,90.55,94.15625114,1.3,-61.93750076,96.95,7.7,170.59,89.925,-71.18,90.825,0.9,1.225,201221_19
464,17,-62.85720278,-39.25000216,75.925,50.925,23.60720062,55.87499961,77.2,95.12500177,1.275,-62.00000181,83.875,7.95,172.24,76.625,-72.7,77.575,0.95,1.175,201221_19
465,18,-64.25137593,-38.96875079,83.25,58.25,25.28262514,55.50000072,84.55,94.46875151,1.3,-61.40624962,90.55,7.3,169.41,83.925,-73.75,84.85,0.925,1.175,201221_19
466,19,-63.67305111,-39.71875258,70.85,45.85,23.95429853,56.37500063,72.125,96.09375321,1.275,-62.00000308,78.7,7.85,174.28,71.525,-74.93,72.475,0.95,1.2,201221_19
467,17,-65.61865004,-44.7499998,80.525,55.525,20.86865024,60.59375033,81.7,105.3437501,1.175,-68.03125003,89.975,9.45,200.07,81.125,-73.68,82,0.875,1.225,201228_15
468,18,-65.40437553,-44.93750076,72.775,47.775,20.46687476,60.62500179,73.95,105.5625026,1.175,-67.84375265,82.5,9.725,199.8,73.375,-74.08,74.25,0.875,1.25,201228_15
469,19,-65.27396083,-44.93749933,71.175,46.175,20.3364615,60.59375033,72.375,105.5312497,1.2,-68.06249938,80.675,9.5,198.55,71.8,-73.09,72.7,0.9,1.25,201228_15
470,20,-65.14467796,-45.28125071,67.925,42.925,19.86342725,60.46874821,69.125,105.7499989,1.2,-67.62500222,77.35,9.425,199.14,68.55,-74.93,69.45,0.9,1.25,201228_15
471,21,-65.26407977,-45.06250263,67.2,42.2,20.20157714,60.56249887,68.425,105.6250015,1.225,-67.1250033,76.675,9.475,198.36,67.825,-73.62,68.75,0.925,1.25,201228_15
472,22,-64.81103099,-45.2187522,65.25,40.25,19.59227879,60.46874821,66.45,105.6875004,1.2,-66.4687511,73.45,8.2,198.49,65.9,-74.54,66.775,0.875,1.225,201228_15
473,23,-64.86098632,-45.34374986,63.625,38.625,19.51723645,60.53125113,64.85,105.875001,1.225,-67.18750041,73.05,9.425,198.82,64.275,-74.21,65.2,0.925,1.25,201228_15
474,24,-64.84722059,-45.46874749,63.425,38.425,19.37847309,60.68750098,64.675,106.1562485,1.25,-65.99999834,71.025,7.6,198.16,64.075,-73.36,65,0.925,1.25,201228_15
475,25,-65.07522877,-45.28124849,62.175,37.175,19.79398028,60.49999967,63.425,105.7812482,1.25,-66.84374728,71.725,9.55,198.88,62.825,-75.26,63.725,0.9,1.225,201228_15
476,26,-64.57936365,-45.21875308,61.55,36.55,19.36061056,60.40624902,62.75,105.6250021,1.2,-66.21875299,70.575,9.025,198.09,62.175,-73.49,63.1,0.925,1.25,201228_15
477,19,-66.18045891,-38.43749792,73.875,48.875,27.74296099,59.34375152,75.1,97.78124944,1.225,-60.71874726,81.1,7.225,178.68,74.475,-49.8,75.8,1.325,1.775,201228_01
478,20,-65.86855859,-39.37500089,71.725,46.725,26.4935577,58.78125131,73.025,98.1562522,1.3,-60.43750225,78.675,6.95,176.45,72.475,-48.95,73.7,1.225,1.775,201228_01
479,21,-65.74242706,-39.43749672,66.875,41.875,26.30493034,59.53124911,68.175,98.96874583,1.3,-61.65624693,74.775,7.9,176.38,67.55,-49.8,68.7,1.15,1.8,201228_01
480,22,-66.09991398,-37.74999922,66.175,41.175,28.34991477,59.46874991,67.35,97.21874913,1.175,-60.40625102,73.075,6.9,175.79,66.75,-50.2,68.05,1.3,1.725,201228_01
481,23,-63.12619071,-35.87500261,82.5,57.5,27.2511881,66.50000066,83.6,102.3750033,1.1,-56.93750213,91.7,9.2,196.91,83.1,-52.83,84.1,1,1.575,201228_17
482,24,-62.66619554,-35.87500039,77.875,52.875,26.79119515,66.90625101,78.975,102.7812514,1.1,-57.56249853,87.725,9.85,196.78,78.475,-53.95,79.475,1,1.55,201228_17
483,25,-62.5496773,-36.18750327,73.1,48.1,26.36217403,66.68750197,74.225,102.8750052,1.125,-57.46875266,82.75,9.65,197.04,73.7,-55,74.625,0.925,1.55,201228_17
484,26,-62.47922669,-36.24999772,71.1,46.1,26.22922897,67.31250137,72.225,103.5624991,1.125,-57.09374742,80.175,9.075,197.7,71.725,-54.87,72.675,0.95,1.55,201228_17
485,27,-62.41453925,-36.28125082,69.85,44.85,26.13328843,66.90625101,70.975,103.1875018,1.125,-56.99999986,79.35,9.5,197.24,70.475,-55.2,71.375,0.9,1.575,201228_17
486,15,-61.78934893,-38.93749621,65.35,40.35,22.85185272,62.65625358,66.6,101.5937498,1.25,-60.8437471,72.85,7.5,187.3,65.95,-63.68,67.05,1.1,1.425,201228_03
487,16,-62.61101896,-40.0625016,64.175,39.175,22.54851737,63.03124875,65.375,103.0937503,1.2,-61.09375176,72.325,8.15,187.76,64.75,-64.28,65.8,1.05,1.425,201228_03
488,17,-61.94381807,-39.1562501,63.7,38.7,22.78756797,63.00000101,64.9,102.1562511,1.2,-60.71874921,70.825,7.125,190.53,64.275,-65.13,65.35,1.075,1.4,201228_03
489,18,-64.23996088,-40.15625147,63.375,38.375,24.08370941,63.31250072,64.575,103.4687522,1.2,-60.84375208,71.175,7.8,188.03,63.925,-66.78,65,1.075,1.4,201228_03
490,19,-64.88285185,-39.56250097,62.05,37.05,25.32035088,63.62500042,63.275,103.1875014,1.225,-60.6562504,69.15,7.1,192.3,62.65,-66.12,63.7,1.05,1.425,201228_03
491,12,-62.62966323,-41.93750161,100.25,75.25,20.69216162,60.03125012,101.675,101.9687517,1.425,-58.12500204,109.45,9.2,170.72,101,-65.72,102.1,1.1,1.45,201228_16
492,13,-61.52880918,-40.99999822,91.5,66.5,20.52881096,59.56250057,92.875,100.5624988,1.375,-58.4374991,100.375,8.875,168.82,92.225,-64.93,93.3,1.075,1.475,201228_16
493,14,-60.58017394,-41.56249925,79.9,54.9,19.01767469,59.65625122,81.275,101.2187505,1.375,-58.21874998,88.625,8.725,169.14,80.625,-64.74,81.675,1.05,1.45,201228_16
494,15,-60.96042811,-41.43749901,79.975,54.975,19.52292909,59.43749845,81.4,100.8749975,1.425,-58.34374908,88.975,9,168.36,80.7,-64.8,81.8,1.1,1.45,201228_16
495,16,-61.89470657,-41.68750043,77.6,52.6,20.20720613,59.43749845,79.05,101.1249989,1.45,-58.40624943,86.925,9.325,168.22,78.35,-65.39,79.475,1.125,1.45,201228_16
496,17,-61.28053063,-41.03124959,77.275,52.275,20.24928104,59.50000137,78.7,100.531251,1.425,-57.46874996,85.25,7.975,168.68,78,-64.93,79.05,1.05,1.45,201228_16
497,18,-61.21089847,-40.53124871,74.1,49.1,20.67964976,59.31250006,75.5,99.84374877,1.4,-57.9375,82.75,8.65,167.96,74.8,-65.26,75.85,1.05,1.45,201228_16
498,18,-64.10748329,-33.84375025,76.4,51.4,30.26373303,68.6250031,77.825,102.4687534,1.425,-57.62500045,88.175,11.775,181.78,77.2,-51.25,78.35,1.15,1.675,201229_02
499,19,-64.12415623,-33.56250047,73.15,48.15,30.56165576,68.59374791,74.575,102.1562484,1.425,-57.59375082,84.3,11.15,180,73.925,-52.76,75.125,1.2,1.65,201229_02
500,20,-64.40768589,-33.56249772,71.175,46.175,30.84518817,68.25000048,72.575,101.8124982,1.4,-57.96874678,83.525,12.35,179.8,71.975,-52.76,73.125,1.15,1.65,201229_02
501,21,-64.23185734,-33.96874983,68.375,43.375,30.26310751,68.3125034,69.75,102.2812532,1.375,-57.18750011,80.3,11.925,179.47,69.2,-53.75,70.325,1.125,1.65,201229_02
502,22,-64.66388446,-34.12500052,67.35,42.35,30.53888394,68.37499887,68.8,102.4999994,1.45,-57.18750164,78.25,10.9,180.33,68.2,-52.96,69.35,1.15,1.65,201229_02
503,8,-60.24802694,-38.96874863,98.175,73.175,21.2792783,59.71875042,99.75,98.68749905,1.575,-62.74999756,109.475,11.3,159.41,98.975,-56.38,100.3,1.325,1.75,201229_01
504,9,-59.96515484,-38.90625162,87.875,62.875,21.05890322,59.25000086,89.4,98.15625248,1.525,-62.43750236,99.625,11.75,155.79,88.675,-54.74,90,1.325,1.775,201229_01
505,10,-59.78231658,-39.09375332,78.8,53.8,20.68856326,59.09375101,80.425,98.18750433,1.625,-62.53125306,90.225,11.425,155.33,79.6,-55.13,80.875,1.275,1.75,201229_01
506,11,-59.64648969,-38.68749999,74.175,49.175,20.95898969,59.06249955,75.75,97.74999954,1.575,-63.03124946,86.65,12.475,155.66,74.95,-54.74,76.325,1.375,1.8,201229_01
507,12,-59.89839575,-39.21874799,75.1,50.1,20.67964776,59.15625021,76.725,98.3749982,1.625,-62.49999726,86.55,11.45,154.8,75.925,-55.86,77.2,1.275,1.775,201229_01
508,13,-60.9303682,-39.12499938,69.95,44.95,21.80536881,59.65625122,71.55,98.7812506,1.6,-61.12500032,79.8,9.85,156.64,70.75,-56.91,72.075,1.325,1.75,201229_01
509,5,-60.49649642,-42.15625078,106.725,81.725,18.34024565,57.56250024,108.15,99.71875101,1.425,-66.31249981,116.875,10.15,177.24,107.475,-72.17,108.425,0.95,1.3,201229_08
510,6,-60.07526319,-41.9375006,86.825,61.825,18.13776258,57.71875009,88.225,99.65625069,1.4,-66.1562504,96.8,9.975,176.38,87.575,-73.36,88.55,0.975,1.275,201229_08
511,7,-60.70861606,-41.96875021,85.2,60.2,18.73986585,56.74999952,86.675,98.71874973,1.475,-66.06250115,96.125,10.925,171.18,86.025,-72.11,87,0.975,1.3,201229_08
512,8,-58.87472052,-41.28125198,73.8,48.8,17.59346855,56.09374866,75.225,97.37500064,1.425,-64.68750209,82.3,8.5,168.36,74.575,-72.5,75.575,1,1.3,201229_08
513,9,-59.71543429,-41.40624926,73.2,48.2,18.30918503,56.24999851,74.625,97.65624777,1.425,-65.4374999,83.075,9.875,167.96,73.975,-72.5,74.95,0.975,1.325,201229_08
514,5,-64.03206287,-36.18750022,225.15,200.15,27.84456265,64.4999966,226.5,100.6874968,1.35,-42.81250027,230.55,5.4,184.41,225.9,-70.53,226.8,0.9,1.275,201221_22
515,6,-63.13538578,-35.68750039,150.9,125.9,27.4478854,64.65625018,152.225,100.3437506,1.325,-44.03124927,156.65,5.75,184.28,151.6,-69.34,152.525,0.925,1.275,201221_22
516,7,-63.54382587,-35.96875108,126.65,101.65,27.57507478,64.53125179,127.975,100.5000029,1.325,-44.9375013,132.35,5.7,184.34,127.35,-70,128.225,0.875,1.275,201221_22
517,8,-63.39211387,-36.28125139,112.075,87.075,27.11086248,64.8124963,113.325,101.0937477,1.25,-45.0312526,118,5.925,184.34,112.825,-71.18,113.725,0.9,1.25,201221_22
518,9,-63.01257194,-35.9687468,101.425,76.425,27.04382514,64.7187531,102.75,100.6874999,1.325,-45.43749763,107.225,5.8,183.88,102.15,-69.28,103.05,0.9,1.275,201221_22
519,10,-62.95270116,-36.06249935,91.325,66.325,26.89020181,64.68749791,92.575,100.7499973,1.25,-45.74999941,97.375,6.05,184.21,92.05,-69.41,92.9,0.85,1.275,201221_22
520,11,-62.98010869,-36.03125164,85.425,60.425,26.94885706,64.53125179,86.775,100.5625034,1.35,-45.7812518,91.525,6.1,184.8,86.15,-71.84,87.05,0.9,1.275,201221_22
521,12,-62.78021938,-35.81250084,81.8,56.8,26.96771854,64.68749791,83.125,100.4999988,1.325,-45.31250147,87.625,5.825,184.08,82.525,-69.74,83.425,0.9,1.275,201221_22
522,13,-62.85394778,-36.218751,78.8,53.8,26.63519678,64.59374726,80.175,100.8124983,1.375,-45.46875092,85.025,6.225,184.01,79.55,-70.92,80.45,0.9,1.275,201221_22
523,14,-62.77534015,-36.03125038,75.45,50.45,26.74408977,64.75000083,76.825,100.7812512,1.375,-45.56250117,81.325,5.875,184.01,76.175,-69.47,77.1,0.925,1.275,201221_22
524,15,-62.92520491,-35.96874874,73.7,48.7,26.95645617,64.59374726,75.05,100.562496,1.35,-46.12499835,79.9,6.2,182.96,74.425,-70.07,75.375,0.95,1.275,201221_22
525,16,-63.00835282,-35.53125088,71.6,46.6,27.47710194,64.78124857,72.925,100.3124994,1.325,-45.7812495,78.1,6.5,184.41,72.3,-69.47,73.2,0.9,1.275,201221_22
526,11,-61.21055625,-37.59375015,84.475,59.475,23.6168061,57.81250075,85.85,95.40625089,1.375,-61.40625195,94.025,9.55,163.49,85.2,-58.49,86.375,1.175,1.55,201228_06
527,12,-59.93058474,-37.18749922,73.425,48.425,22.74308552,57.31249973,74.85,94.49999895,1.425,-61.2187479,82.825,9.4,160.2,74.125,-58.42,75.275,1.15,1.55,201228_06
528,13,-61.23241949,-37.31250066,75,50,23.91991883,56.78125098,76.475,94.09375164,1.475,-60.06249963,83.3,8.3,157.96,75.75,-56.64,76.9,1.15,1.575,201228_06
529,14,-60.91688401,-37.24999886,72.275,47.275,23.66688514,57.00000003,73.775,94.24999889,1.5,-60.43749839,81.9,9.625,158.55,73.025,-58.09,74.225,1.2,1.575,201228_06
530,15,-61.41669679,-37.21874962,70.875,45.875,24.19794717,56.93750083,72.3,94.15625045,1.425,-60.68749883,79.95,9.075,157.83,71.625,-57.89,72.725,1.1,1.55,201228_06
531,16,-61.47037495,-37.18749839,69.675,44.675,24.28287657,56.74999952,71.15,93.93749791,1.475,-60.56249834,79.175,9.5,156.84,70.425,-58.29,71.625,1.2,1.575,201228_06
532,17,-61.21290101,-37.53124966,65.85,40.85,23.68165135,56.74999952,67.35,94.28124918,1.5,-59.8437506,74.65,8.8,156.97,66.6,-56.97,67.75,1.15,1.55,201228_06
533,8,-59.93677967,-41.5624989,73.6,48.6,18.37428077,53.90625075,74.9,95.46874965,1.3,-61.18749909,79.975,6.375,173.68,74.25,-62.96,75.325,1.075,1.4,201228_12
534,9,-60.25838337,-41.53125078,71.9,46.9,18.72713259,53.62499878,73.225,95.15624956,1.325,-61.15624996,78.3,6.4,171.05,72.575,-62.63,73.625,1.05,1.4,201228_12
535,10,-59.80442772,-41.31249801,68.65,43.65,18.49192971,53.12500149,70,94.4374995,1.35,-60.37499826,74.75,6.1,168.68,69.35,-63.36,70.4,1.05,1.4,201228_12
536,11,-59.60582342,-40.968749,65.45,40.45,18.63707442,53.06249857,66.75,94.03124757,1.3,-61.31249876,72.675,7.225,169.21,66.1,-62.89,67.15,1.05,1.4,201228_12
537,12,-59.08186383,-41.21874957,63.45,38.45,17.86311426,53.12500149,64.8,94.34375106,1.35,-60.68750075,70.275,6.825,168.03,64.125,-63.22,65.2,1.075,1.425,201228_12
538,13,-60.52105155,-41.21875038,65.425,40.425,19.30230116,53.28125134,66.75,94.50000172,1.325,-60.71874923,71.875,6.45,168.82,66.1,-64.34,67.15,1.05,1.4,201228_12
539,14,-60.32244652,-41.46874841,62.9,37.9,18.85369811,53.43750119,64.225,94.9062496,1.325,-60.78124907,69.475,6.575,169.74,63.575,-62.43,64.6,1.025,1.4,201228_12
540,15,-60.02740339,-41.46875003,62.025,37.025,18.55865335,53.28125134,63.375,94.75000137,1.35,-60.18750098,68.35,6.325,169.47,62.725,-63.95,63.75,1.025,1.4,201228_12
541,16,-60.62105778,-42.09374985,62.125,37.125,18.52730793,53.59375104,63.475,95.68750089,1.35,-60.21874922,68.55,6.425,170.26,62.85,-63.29,63.85,1,1.4,201228_12
542,17,-61.37156063,-41.34375192,61.9,36.9,20.02780871,53.81250009,63.225,95.15625201,1.325,-60.06250155,68.65,6.75,170.59,62.575,-63.62,63.625,1.05,1.4,201228_12
543,18,-61.30033327,-41.90625173,60.525,35.525,19.39408154,53.93749848,61.875,95.84375021,1.35,-59.96875163,66.75,6.225,171.32,61.225,-63.29,62.325,1.1,1.4,201228_12
544,19,-60.87015065,-41.71874881,59.675,34.675,19.15140183,53.65625024,61,95.37499905,1.325,-59.93749921,66.1,6.425,170.39,60.35,-63.29,61.475,1.125,1.425,201228_12
545,20,-60.52039718,-41.25000052,58.7,33.7,19.27039667,53.34375054,59.975,94.59375105,1.275,-60.21875177,65.175,6.475,168.88,59.375,-61.64,60.45,1.075,1.4,201228_12
546,21,-59.99074142,-41.18750048,57.95,32.95,18.80324094,53.09375003,59.275,94.28125051,1.325,-59.03125066,64.125,6.175,167.57,58.625,-61.91,59.7,1.075,1.425,201228_12
547,22,-59.98873985,-41.2187525,57.675,32.675,18.76998735,53.37499827,59.025,94.59375078,1.35,-58.96875119,64.35,6.675,167.7,58.375,-63.36,59.45,1.075,1.4,201228_12
548,5,-57.50829065,-44.18750017,82.7,57.7,13.32079048,52.31250077,83.85,96.50000095,1.15,-62.09375148,90.6,7.9,191.71,83.175,-61.97,84.15,0.975,1.325,201228_07
549,6,-57.62340606,-45.00000206,62.4,37.4,12.623404,53.31249908,63.55,98.31250114,1.15,-60.93750127,69.275,6.875,189.34,62.9,-62.37,63.9,1,1.35,201228_07
550,7,-56.51291947,-44.53125009,57,32,11.98166937,54.81249839,58,99.34374848,1,-60.46875052,63.675,6.675,196.32,57.5,-63.82,58.5,1,1.3,201228_07
551,8,-58.63604,-44.53124817,57.375,32.375,14.10479183,56.31250143,58.325,100.8437496,0.95,-60.78124753,65.05,7.675,201.71,57.85,-63.55,58.825,0.975,1.275,201228_07
552,9,-56.06706695,-44.50000024,56.75,31.75,11.5670667,55.15624955,57.75,99.6562498,1,-60.4374998,63.55,6.8,196.97,57.275,-62.7,58.225,0.95,1.325,201228_07
